Acceleration_x,Acceleration_y,Acceleration_z,Gyro_x,Gyro_y,Gyro_z,Temperature,Pressure,Altitude,Voltage,Rflink
0.09,1.02,-9.32,-0.03,0.03,0.03,37.49,984.9,238.75,3.7,1
,,,,,,,,,,
0.07,1,-9.37,-0.03,0.03,0.03,37.5,984.93,238.5,3.67,1
,,,,,,,,,,
0.08,1.03,-9.34,-0.03,0.03,0.03,37.5,984.96,238.2,3.84,1
,,,,,,,,,,
0.06,1.03,-9.37,-0.02,0.03,0.03,37.51,985.02,237.67,3.89,1
,,,,,,,,,,
0.08,1.04,-9.35,-0.03,0.03,0.04,37.51,985.03,237.62,3.8,1
,,,,,,,,,,
0.07,1.01,-9.33,-0.03,0.03,0.03,37.51,985.06,237.36,3.65,1
,,,,,,,,,,
0.07,1.04,-9.33,-0.03,0.03,0.03,37.51,985.08,237.22,3.67,1
,,,,,,,,,,
0.08,1.03,-9.36,-0.03,0.03,0.03,37.51,985.09,237.13,4,1
,,,,,,,,,,
0.08,0.99,-9.32,-0.03,0.03,0.04,37.52,985.09,237.13,3.67,1
,,,,,,,,,,
0.06,1.05,-9.36,-0.03,0.03,0.04,37.52,985.09,237.14,3.98,1
,,,,,,,,,,
0.08,1.01,-9.34,-0.03,0.03,0.03,37.52,985.09,237.13,3.99,1
,,,,,,,,,,
0.11,1.05,-9.34,-0.03,0.03,0.03,37.52,985.1,237.11,3.84,1
,,,,,,,,,,
0.08,1.03,-9.37,-0.03,0.03,0.03,37.53,985.09,237.21,3.67,1
,,,,,,,,,,
0.07,1.03,-9.33,-0.03,0.03,0.03,37.53,985.09,237.17,3.97,1
,,,,,,,,,,
0.06,1.04,-9.33,-0.03,0.03,0.03,37.53,985.08,237.2,3.7,1
,,,,,,,,,,
0.07,1.01,-9.35,-0.03,0.03,0.03,37.53,985.09,237.14,3.82,1
,,,,,,,,,,
0.07,1.01,-9.35,-0.03,0.03,0.03,37.53,985.09,237.14,3.82,0
,,,,,,,,,,
0.06,1.04,-9.34,-0.03,0.03,0.03,37.53,985.09,237.12,3.82,1
,,,,,,,,,,
0.07,1.04,-9.36,-0.03,0.03,0.03,37.54,985.09,237.31,3.66,1
,,,,,,,,,,
0.08,1.02,-9.35,-0.03,0.03,0.03,37.54,985.04,237.55,3.92,1
,,,,,,,,,,
0.08,1.03,-9.33,-0.02,0.03,0.03,37.54,985.02,237.72,4.01,1
,,,,,,,,,,
0.06,1.05,-9.36,-0.03,0.03,0.03,37.55,985.01,237.93,4.01,1
,,,,,,,,,,
0.06,1.04,-9.33,-0.03,0.03,0.03,37.55,984.99,237.96,4.01,1
,,,,,,,,,,
0.08,1.04,-9.39,-0.03,0.03,0.03,37.55,985,237.89,3.73,1
,,,,,,,,,,
0.09,1.04,-9.37,-0.03,0.03,0.04,37.56,984.98,238.11,3.67,1
,,,,,,,,,,
0.08,1.02,-9.33,-0.03,0.03,0.04,37.56,984.98,238.11,3.82,1
,,,,,,,,,,
0.06,1.02,-9.34,-0.03,0.03,0.03,37.56,984.96,238.23,3.77,1
,,,,,,,,,,
0.08,1.02,-9.37,-0.03,0.03,0.03,37.56,984.93,238.47,4.01,1
,,,,,,,,,,
0.06,1.02,-9.35,-0.03,0.03,0.03,37.57,984.93,238.5,3.67,1
,,,,,,,,,,
0.05,1.01,-9.35,-0.03,0.03,0.03,37.57,984.91,238.63,3.72,1
,,,,,,,,,,
0.08,1.03,-9.38,-0.03,0.03,0.03,37.57,984.91,238.71,3.85,1
,,,,,,,,,,
0.08,0.99,-9.34,-0.03,0.03,0.03,37.57,984.91,238.65,4,1
,,,,,,,,,,
0.09,1,-9.33,-0.03,0.03,0.03,37.58,984.91,238.67,3.94,1
,,,,,,,,,,
0.06,1,-9.34,-0.03,0.03,0.03,37.58,984.92,238.64,4.01,1
,,,,,,,,,,
0.08,1.03,-9.35,-0.03,0.03,0.03,37.59,984.92,238.45,3.95,1
,,,,,,,,,,
0.08,1.01,-9.33,-0.03,0.03,0.03,37.59,984.95,238.27,3.85,1
,,,,,,,,,,
0.06,1.02,-9.35,-0.03,0.03,0.03,37.59,984.96,238.24,3.65,1
,,,,,,,,,,
0.06,1.03,-9.39,-0.03,0.03,0.03,37.6,984.98,238.06,3.93,1
,,,,,,,,,,
0.04,1.04,-9.33,-0.03,0.03,0.04,37.6,984.99,238.01,3.73,1
,,,,,,,,,,
0.05,1.02,-9.36,-0.03,0.03,0.03,37.6,984.98,238.14,3.65,1
,,,,,,,,,,
0.06,1.04,-9.37,-0.03,0.03,0.03,37.61,984.96,238.21,3.66,1
,,,,,,,,,,
0.05,1.03,-9.34,-0.03,0.03,0.03,37.61,984.95,238.28,3.9,1
,,,,,,,,,,
0.08,1.01,-9.31,-0.03,0.03,0.03,37.61,984.93,238.54,3.93,1
,,,,,,,,,,
0.05,1.04,-9.36,-0.03,0.03,0.03,37.62,984.92,238.71,3.67,1
,,,,,,,,,,
0.11,1.02,-9.33,-0.03,0.03,0.04,37.62,984.9,238.74,3.7,1
,,,,,,,,,,
0.1,1.04,-9.36,-0.03,0.03,0.03,37.62,984.88,238.86,4.02,1
,,,,,,,,,,
0.07,1.03,-9.34,-0.03,0.03,0.03,37.63,984.87,239.02,3.67,1
,,,,,,,,,,
0.07,1.01,-9.35,-0.03,0.03,0.03,37.63,984.86,239.01,3.82,1
,,,,,,,,,,
0.05,1.04,-9.35,-0.03,0.03,0.03,37.64,984.88,238.97,3.67,1
,,,,,,,,,,
0.1,1.04,-9.32,-0.03,0.03,0.03,37.64,984.86,239.03,3.67,1
,,,,,,,,,,
0.06,1.05,-9.33,-0.03,0.03,0.03,37.65,984.88,238.89,3.9,1
,,,,,,,,,,
0.07,1.04,-9.33,-0.03,0.03,0.03,37.65,984.91,238.63,4,1
,,,,,,,,,,
0.09,1.02,-9.35,-0.03,0.03,0.03,37.66,984.94,238.45,3.67,1
,,,,,,,,,,
0.08,1.03,-9.35,-0.03,0.03,0.04,37.66,984.95,238.39,3.78,1
,,,,,,,,,,
0.07,1.03,-9.34,-0.03,0.03,0.03,37.67,984.95,238.26,3.68,1
,,,,,,,,,,
0.06,1.02,-9.34,-0.03,0.03,0.03,37.67,984.96,238.07,3.66,1
,,,,,,,,,,
0.06,1.05,-9.33,-0.03,0.03,0.03,37.68,985,237.8,4.01,1
,,,,,,,,,,
0.05,1.03,-9.38,-0.03,0.03,0.03,37.68,985,237.85,4.01,1
,,,,,,,,,,
0.08,1.02,-9.31,-0.03,0.03,0.03,37.69,985.02,237.7,3.96,1
,,,,,,,,,,
0.11,1.04,-9.36,-0.03,0.03,0.03,37.69,985.05,237.48,3.96,1
,,,,,,,,,,
0.09,1.02,-9.36,-0.03,0.03,0.03,37.7,985.06,237.4,3.7,1
,,,,,,,,,,
0.08,1.01,-9.38,-0.03,0.03,0.03,37.71,985.05,237.34,3.96,1
,,,,,,,,,,
0.08,1.03,-9.33,-0.03,0.03,0.04,37.71,985.07,237.32,3.96,1
,,,,,,,,,,
0.08,1,-9.33,-0.03,0.03,0.03,37.71,985.08,237.21,3.67,1
,,,,,,,,,,
0.06,1.06,-9.33,-0.03,0.03,0.03,37.72,985.1,237.03,3.69,1
,,,,,,,,,,
0.08,1.01,-9.32,-0.03,0.03,0.03,37.72,985.12,236.87,3.87,1
,,,,,,,,,,
0.07,1.07,-9.33,-0.03,0.03,0.03,37.73,985.12,236.86,3.89,1
,,,,,,,,,,
0.06,1.02,-9.34,-0.03,0.03,0.03,37.74,985.14,236.73,3.7,1
,,,,,,,,,,
0.06,1.06,-9.36,-0.03,0.03,0.03,37.74,985.14,236.71,3.91,1
,,,,,,,,,,
0.08,1.01,-9.31,-0.03,0.03,0.03,37.74,985.15,236.62,3.95,1
,,,,,,,,,,
0.06,1.03,-9.33,-0.03,0.03,0.03,37.75,985.15,236.72,3.85,1
,,,,,,,,,,
0.06,1.02,-9.33,-0.03,0.03,0.03,37.75,985.13,236.72,3.96,1
,,,,,,,,,,
0.09,1.04,-9.36,-0.03,0.03,0.03,37.76,985.14,236.62,3.91,1
,,,,,,,,,,
0.07,1.02,-9.34,-0.03,0.03,0.03,37.76,985.16,236.51,3.95,1
,,,,,,,,,,
0.07,1.03,-9.31,-0.03,0.03,0.03,37.77,985.17,236.41,3.79,1
,,,,,,,,,,
0.08,1.03,-9.34,-0.03,0.03,0.03,37.77,985.17,236.43,3.92,1
,,,,,,,,,,
0.07,1,-9.34,-0.03,0.03,0.03,37.78,985.16,236.53,3.78,1
,,,,,,,,,,
0.08,1.02,-9.34,-0.03,0.03,0.03,37.78,985.17,236.48,3.93,1
,,,,,,,,,,
0.05,1.04,-9.34,-0.03,0.03,0.03,37.79,985.15,236.73,3.69,1
,,,,,,,,,,
0.07,1.02,-9.37,-0.03,0.03,0.03,37.79,985.13,236.87,3.89,1
,,,,,,,,,,
0.08,1.03,-9.32,-0.03,0.03,0.03,37.8,985.11,236.96,3.91,1
,,,,,,,,,,
0.07,1.03,-9.33,-0.03,0.03,0.03,37.8,985.1,237.06,3.96,1
,,,,,,,,,,
0.06,1.03,-9.34,-0.03,0.03,0.03,37.81,985.08,237.16,3.82,1
,,,,,,,,,,
0.07,1.02,-9.31,-0.03,0.03,0.03,37.81,985.09,237.14,3.76,1
,,,,,,,,,,
0.07,1.03,-9.34,-0.03,0.03,0.03,37.82,985.08,237.27,3.68,1
,,,,,,,,,,
0.09,1.04,-9.33,-0.03,0.03,0.03,37.82,985.08,237.28,3.71,1
,,,,,,,,,,
0.07,1.02,-9.34,-0.03,0.03,0.03,37.83,985.09,237.16,3.8,1
,,,,,,,,,,
0.06,1.03,-9.32,-0.03,0.03,0.03,37.84,985.09,237.09,3.71,1
,,,,,,,,,,
0.07,1.03,-9.31,-0.03,0.03,0.03,37.84,985.1,237.01,3.67,1
,,,,,,,,,,
0.07,1.03,-9.31,-0.03,0.03,0.03,37.84,985.1,237.01,3.67,0
,,,,,,,,,,
0.06,1.02,-9.36,-0.03,0.03,0.03,37.85,985.11,236.91,3.74,1
,,,,,,,,,,
0.06,1.01,-9.33,-0.03,0.03,0.03,37.85,985.12,236.94,3.73,1
,,,,,,,,,,
0.07,1.04,-9.37,-0.03,0.03,0.03,37.86,985.1,237,3.97,1
,,,,,,,,,,
0.09,1.05,-9.35,-0.03,0.03,0.03,37.86,985.1,237.01,3.7,1
,,,,,,,,,,
0.06,1.03,-9.33,-0.03,0.03,0.03,37.87,985.09,237.2,3.93,1
,,,,,,,,,,
0.07,1.01,-9.35,-0.03,0.03,0.03,37.88,985.07,237.23,3.92,1
,,,,,,,,,,
0.07,1.03,-9.35,-0.03,0.03,0.03,37.88,985.07,237.34,3.87,1
,,,,,,,,,,
0.06,1.02,-9.33,-0.03,0.03,0.03,37.89,985.06,237.43,3.72,1
,,,,,,,,,,
0.05,1.02,-9.35,-0.03,0.03,0.03,37.89,985.06,237.51,3.69,1
,,,,,,,,,,
0.07,1.04,-9.35,-0.03,0.03,0.03,37.9,985.04,237.53,3.69,1
,,,,,,,,,,
0.09,1.04,-9.34,-0.03,0.03,0.03,37.9,985.03,237.71,3.69,1
,,,,,,,,,,
0.1,1.02,-9.37,-0.03,0.03,0.03,37.91,985.04,237.6,3.88,1
,,,,,,,,,,
0.08,1.01,-9.34,-0.03,0.03,0.03,37.91,985.03,237.58,3.96,1
,,,,,,,,,,
0.07,1.01,-9.35,-0.03,0.03,0.03,37.92,985.03,237.59,3.68,1
,,,,,,,,,,
0.1,1.02,-9.36,-0.03,0.03,0.03,37.92,985.04,237.6,3.74,1
,,,,,,,,,,
0.06,1.02,-9.35,-0.03,0.03,0.03,37.93,985.03,237.7,3.67,1
,,,,,,,,,,
0.08,1.02,-9.35,-0.03,0.03,0.03,37.94,985.02,237.71,3.95,1
,,,,,,,,,,
0.07,1.02,-9.33,-0.03,0.03,0.03,37.94,985.03,237.59,3.73,1
,,,,,,,,,,
0.08,1.05,-9.32,-0.03,0.03,0.03,37.95,985.04,237.62,3.95,1
,,,,,,,,,,
0.08,1.06,-9.35,-0.03,0.03,0.03,37.95,985.04,237.6,3.71,1
,,,,,,,,,,
0.08,1.02,-9.34,-0.03,0.03,0.03,37.96,985.04,237.55,3.68,1
,,,,,,,,,,
0.06,1.01,-9.36,-0.03,0.03,0.03,37.96,985.06,237.39,3.91,1
,,,,,,,,,,
0.07,1.02,-9.35,-0.03,0.03,0.03,37.97,985.06,237.37,3.91,1
,,,,,,,,,,
0.08,1.03,-9.31,-0.03,0.03,0.03,37.97,985.07,237.31,3.69,1
,,,,,,,,,,
0.08,1.03,-9.34,-0.03,0.03,0.03,37.98,985.08,237.22,3.68,1
,,,,,,,,,,
0.07,1.02,-9.35,-0.03,0.03,0.03,37.98,985.09,237.16,3.69,1
,,,,,,,,,,
0.08,1.01,-9.33,-0.03,0.03,0.03,37.99,985.09,237.14,3.96,1
,,,,,,,,,,
0.04,1.03,-9.35,-0.03,0.03,0.03,37.99,985.09,237.1,3.89,1
,,,,,,,,,,
0.08,1.03,-9.34,-0.03,0.03,0.03,38,985.1,237.06,3.72,1
,,,,,,,,,,
0.08,1.03,-9.35,-0.03,0.03,0.03,38.01,985.11,236.89,3.68,1
,,,,,,,,,,
0.07,1.03,-9.36,-0.03,0.03,0.03,38.01,985.12,236.95,3.67,1
,,,,,,,,,,
0.06,1.02,-9.3,-0.03,0.03,0.03,38.02,985.12,236.92,3.71,1
,,,,,,,,,,
0.06,1.04,-9.33,-0.03,0.03,0.03,38.02,985.13,236.82,3.68,1
,,,,,,,,,,
0.07,1.03,-9.33,-0.03,0.03,0.03,38.03,985.12,236.79,3.96,1
,,,,,,,,,,
0.07,1.02,-9.31,-0.03,0.03,0.03,38.03,985.13,236.75,3.71,1
,,,,,,,,,,
0.07,1.03,-9.3,-0.03,0.03,0.03,38.04,985.12,236.86,3.67,1
,,,,,,,,,,
0.08,1,-9.34,-0.03,0.03,0.03,38.05,985.12,236.82,3.78,1
,,,,,,,,,,
0.06,1.04,-9.35,-0.03,0.03,0.03,38.05,985.12,236.85,3.67,1
,,,,,,,,,,
0.07,1.02,-9.36,-0.03,0.03,0.03,38.06,985.11,237.01,3.77,1
,,,,,,,,,,
0.07,1.04,-9.34,-0.03,0.03,0.03,38.06,985.1,237.04,3.69,1
,,,,,,,,,,
0.05,1.02,-9.3,-0.03,0.03,0.03,38.07,985.11,236.97,3.85,1
,,,,,,,,,,
0.07,1.01,-9.35,-0.03,0.03,0.03,38.07,985.12,236.9,3.68,1
,,,,,,,,,,
0.06,1.03,-9.36,-0.03,0.03,0.03,38.08,985.12,236.91,3.82,1
,,,,,,,,,,
0.05,1.04,-9.34,-0.03,0.03,0.03,38.09,985.11,236.9,3.95,1
,,,,,,,,,,
0.07,1.01,-9.33,-0.03,0.03,0.03,38.09,985.12,236.92,3.97,1
,,,,,,,,,,
0.06,1.03,-9.35,-0.03,0.03,0.03,38.1,985.12,236.91,3.82,1
,,,,,,,,,,
0.07,1.04,-9.35,-0.03,0.03,0.03,38.1,985.12,236.94,3.75,1
,,,,,,,,,,
0.06,1.02,-9.34,-0.03,0.03,0.03,38.11,985.12,236.85,3.72,1
,,,,,,,,,,
0.08,1.03,-9.35,-0.03,0.03,0.03,38.11,985.13,236.82,3.91,1
,,,,,,,,,,
0.07,1.02,-9.37,-0.03,0.03,0.03,38.12,985.14,236.67,3.96,1
,,,,,,,,,,
0.09,1.03,-9.36,-0.03,0.03,0.03,38.13,985.12,236.85,3.77,1
,,,,,,,,,,
0.06,1.03,-9.33,-0.03,0.03,0.03,38.13,985.13,236.86,3.87,1
,,,,,,,,,,
0.06,1.03,-9.33,-0.03,0.03,0.03,38.14,985.12,236.95,3.95,1
,,,,,,,,,,
0.07,1.03,-9.33,-0.03,0.03,0.03,38.14,985.12,236.82,3.72,1
,,,,,,,,,,
0.06,1.02,-9.33,-0.03,0.03,0.03,38.15,985.11,236.97,3.96,1
,,,,,,,,,,
0.07,1.02,-9.36,-0.03,0.03,0.03,38.15,985.11,236.99,3.67,1
,,,,,,,,,,
0.06,1.03,-9.33,-0.03,0.03,0.04,38.15,985.1,237.05,3.88,1
,,,,,,,,,,
0.07,1.05,-9.31,-0.03,0.03,0.03,38.16,985.08,237.15,3.75,1
,,,,,,,,,,
0.06,1.01,-9.33,-0.03,0.03,0.03,38.17,985.1,237.09,3.86,1
,,,,,,,,,,
0.05,1.01,-9.34,-0.03,0.03,0.03,38.17,985.11,237.02,3.94,1
,,,,,,,,,,
0.08,1.02,-9.34,-0.03,0.03,0.03,38.18,985.08,237.2,3.73,1
,,,,,,,,,,
0.08,1.03,-9.33,-0.03,0.03,0.03,38.18,985.08,237.32,3.8,1
,,,,,,,,,,
0.07,1.02,-9.33,-0.03,0.03,0.03,38.19,985.07,237.28,3.9,1
,,,,,,,,,,
0.08,1.03,-9.35,-0.03,0.03,0.03,38.19,985.06,237.27,3.97,1
,,,,,,,,,,
0.08,1.03,-9.33,-0.03,0.03,0.03,38.2,985.08,237.2,3.82,1
,,,,,,,,,,
0.09,1.02,-9.33,-0.03,0.03,0.03,38.2,985.1,237.01,3.94,1
,,,,,,,,,,
0.06,1.02,-9.35,-0.03,0.03,0.03,38.21,985.1,237.05,3.71,1
,,,,,,,,,,
0.07,1.02,-9.32,-0.03,0.03,0.03,38.22,985.1,236.99,3.84,1
,,,,,,,,,,
0.07,1.02,-9.36,-0.03,0.03,0.03,38.22,985.1,236.94,3.69,1
,,,,,,,,,,
0.07,1.01,-9.33,-0.03,0.03,0.03,38.23,985.12,236.87,3.91,1
,,,,,,,,,,
0.06,1.04,-9.34,-0.03,0.03,0.03,38.23,985.14,236.7,3.91,1
,,,,,,,,,,
0.05,1.03,-9.33,-0.03,0.03,0.03,38.23,985.14,236.7,3.88,1
,,,,,,,,,,
0.07,1.02,-9.32,-0.03,0.03,0.03,38.24,985.14,236.74,3.67,1
,,,,,,,,,,
0.07,1.03,-9.36,-0.03,0.03,0.03,38.24,985.13,236.74,3.96,1
,,,,,,,,,,
0.07,1.03,-9.3,-0.03,0.03,0.03,38.25,985.15,236.62,3.67,1
,,,,,,,,,,
0.08,1.02,-9.32,-0.03,0.03,0.03,38.25,985.15,236.53,3.9,1
,,,,,,,,,,
0.07,1.02,-9.36,-0.03,0.03,0.03,38.26,985.17,236.48,3.94,1
,,,,,,,,,,
0.06,1.02,-9.34,-0.03,0.03,0.03,38.26,985.18,236.43,3.68,1
,,,,,,,,,,
0.06,1.03,-9.35,-0.03,0.03,0.03,38.27,985.19,236.34,3.94,1
,,,,,,,,,,
0.07,1.05,-9.33,-0.03,0.03,0.03,38.27,985.18,236.4,3.94,1
,,,,,,,,,,
0.07,1.03,-9.35,-0.03,0.03,0.03,38.28,985.19,236.24,3.82,1
,,,,,,,,,,
0.07,1.03,-9.37,-0.03,0.03,0.03,38.28,985.2,236.23,3.88,1
,,,,,,,,,,
0.07,1.02,-9.36,-0.03,0.03,0.03,38.29,985.21,236.18,3.73,1
,,,,,,,,,,
0.08,1.03,-9.34,-0.03,0.03,0.03,38.29,985.19,236.26,3.94,1
,,,,,,,,,,
0.07,1.05,-9.32,-0.03,0.03,0.03,38.3,985.2,236.23,3.93,1
,,,,,,,,,,
0.07,1.02,-9.34,-0.03,0.03,0.03,38.3,985.19,236.26,3.95,1
,,,,,,,,,,
0.07,1.03,-9.29,-0.03,0.03,0.03,38.31,985.19,236.29,3.78,1
,,,,,,,,,,
0.08,1.02,-9.35,-0.03,0.03,0.03,38.31,985.18,236.35,3.96,1
,,,,,,,,,,
0.08,1.02,-9.34,-0.03,0.03,0.03,38.32,985.19,236.28,3.95,1
,,,,,,,,,,
0.07,1.02,-9.34,-0.03,0.03,0.03,38.32,985.18,236.36,3.87,1
,,,,,,,,,,
0.07,1.02,-9.36,-0.03,0.03,0.03,38.33,985.18,236.31,3.72,1
,,,,,,,,,,
0.07,1.03,-9.34,-0.03,0.03,0.03,38.33,985.18,236.37,3.97,1
,,,,,,,,,,
0.07,1.04,-9.35,-0.03,0.03,0.03,38.33,985.18,236.46,3.68,1
,,,,,,,,,,
0.09,1.03,-9.34,-0.03,0.03,0.03,38.34,985.16,236.55,3.89,1
,,,,,,,,,,
0.09,1.06,-9.34,-0.03,0.03,0.03,38.35,985.15,236.53,3.92,1
,,,,,,,,,,
0.08,1.02,-9.34,-0.03,0.03,0.03,38.35,985.16,236.59,3.87,1
,,,,,,,,,,
0.06,1.03,-9.33,-0.03,0.03,0.03,38.36,985.15,236.68,3.89,1
,,,,,,,,,,
0.09,1.01,-9.32,-0.03,0.03,0.03,38.36,985.14,236.76,3.83,1
,,,,,,,,,,
0.07,1.03,-9.36,-0.03,0.03,0.03,38.37,985.12,236.98,3.96,1
,,,,,,,,,,
0.08,1.03,-9.35,-0.03,0.03,0.03,38.37,985.1,236.95,3.68,1
,,,,,,,,,,
0.07,1.04,-9.32,-0.03,0.03,0.03,38.38,985.11,236.98,3.96,1
,,,,,,,,,,
0.06,1.01,-9.36,-0.03,0.03,0.03,38.38,985.08,237.22,3.94,1
,,,,,,,,,,
0.06,1.05,-9.31,-0.03,0.03,0.03,38.39,985.07,237.37,3.93,1
,,,,,,,,,,
0.06,1.03,-9.33,-0.03,0.03,0.03,38.39,985.05,237.5,3.95,1
,,,,,,,,,,
0.11,1.02,-9.35,-0.03,0.03,0.03,38.4,985.03,237.69,3.68,1
,,,,,,,,,,
0.06,1.01,-9.34,-0.03,0.03,0.03,38.4,985.01,237.78,3.68,1
,,,,,,,,,,
0.08,1.01,-9.36,-0.03,0.03,0.03,38.41,985,237.94,3.95,1
,,,,,,,,,,
0.08,1.01,-9.36,-0.03,0.03,0.03,38.41,985,237.94,3.95,0
,,,,,,,,,,
0.09,1.02,-9.36,-0.03,0.03,0.03,38.42,984.98,237.98,3.87,1
,,,,,,,,,,
0.06,1.03,-9.37,-0.03,0.03,0.04,38.42,984.99,238.1,3.71,1
,,,,,,,,,,
0.07,1.02,-9.32,-0.03,0.03,0.03,38.43,984.96,238.19,3.82,1
,,,,,,,,,,
0.08,1.02,-9.33,-0.03,0.03,0.03,38.44,984.95,238.28,3.77,1
,,,,,,,,,,
0.06,1.02,-9.32,-0.03,0.03,0.03,38.44,984.96,238.25,3.96,1
,,,,,,,,,,
0.07,1.04,-9.31,-0.03,0.03,0.03,38.45,984.96,238.3,3.67,1
,,,,,,,,,,
0.07,1.05,-9.34,-0.03,0.03,0.04,38.45,984.96,238.3,3.67,1
,,,,,,,,,,
0.11,1.03,-9.34,-0.03,0.03,0.03,38.45,984.94,238.47,3.76,1
,,,,,,,,,,
0.08,1.05,-9.36,-0.03,0.03,0.03,38.46,984.93,238.61,3.97,1
,,,,,,,,,,
0.06,1.03,-9.33,-0.03,0.03,0.03,38.46,984.92,238.57,3.84,1
,,,,,,,,,,
0.06,1.03,-9.36,-0.03,0.03,0.03,38.47,984.91,238.73,3.96,1
,,,,,,,,,,
0.07,1.03,-9.34,-0.03,0.03,0.03,38.47,984.9,238.8,3.91,1
,,,,,,,,,,
0.07,1.03,-9.32,-0.03,0.03,0.03,38.48,984.89,238.89,3.96,1
,,,,,,,,,,
0.08,1.02,-9.32,-0.03,0.03,0.03,38.48,984.87,239.13,3.74,1
,,,,,,,,,,
0.08,1.01,-9.36,-0.03,0.03,0.03,38.49,984.84,239.29,3.74,1
,,,,,,,,,,
0.04,1.03,-9.32,-0.03,0.03,0.03,38.49,984.82,239.45,3.85,1
,,,,,,,,,,
0.04,1.03,-9.32,-0.03,0.03,0.03,38.49,984.82,239.45,3.85,0
,,,,,,,,,,
0.07,1.04,-9.34,-0.03,0.03,0.03,38.49,984.8,239.65,3.7,1
,,,,,,,,,,
0.07,1.02,-9.31,-0.03,0.03,0.03,38.5,984.77,239.8,3.86,1
,,,,,,,,,,
0.08,1.02,-9.36,-0.03,0.03,0.03,38.51,984.76,239.95,3.96,1
,,,,,,,,,,
0.08,1.02,-9.36,-0.03,0.03,0.03,38.51,984.76,239.95,3.96,0
,,,,,,,,,,
0.07,1.03,-9.34,-0.03,0.03,0.03,38.51,984.74,240.08,3.88,1
,,,,,,,,,,
0.08,1.02,-9.31,-0.03,0.03,0.03,38.52,984.73,240.22,3.96,1
,,,,,,,,,,
0.07,1.02,-9.32,-0.03,0.03,0.03,38.52,984.73,240.26,3.91,1
,,,,,,,,,,
0.06,1.03,-9.33,-0.03,0.03,0.03,38.53,984.71,240.4,3.91,1
,,,,,,,,,,
0.06,1.01,-9.34,-0.03,0.03,0.03,38.53,984.7,240.53,3.69,1
,,,,,,,,,,
0.08,1.04,-9.3,-0.03,0.03,0.03,38.54,984.69,240.6,3.68,1
,,,,,,,,,,
0.08,1.01,-9.35,-0.03,0.03,0.03,38.54,984.68,240.63,3.67,1
,,,,,,,,,,
0.06,1.04,-9.31,-0.03,0.03,0.03,38.55,984.66,240.72,3.83,1
,,,,,,,,,,
0.08,1.01,-9.31,-0.03,0.03,0.03,38.55,984.65,240.86,3.74,1
,,,,,,,,,,
0.06,1.03,-9.36,-0.03,0.03,0.03,38.55,984.65,240.93,3.72,1
,,,,,,,,,,
0.08,1.02,-9.35,-0.03,0.03,0.04,38.56,984.63,241.1,3.97,1
,,,,,,,,,,
0.08,1.05,-9.34,-0.03,0.03,0.03,38.56,984.63,241.06,3.73,1
,,,,,,,,,,
0.07,1.03,-9.32,-0.03,0.03,0.03,38.57,984.61,241.24,3.95,1
,,,,,,,,,,
0.08,1.03,-9.36,-0.03,0.03,0.03,38.57,984.61,241.24,3.75,1
,,,,,,,,,,
0.06,1.02,-9.34,-0.03,0.03,0.03,38.57,984.59,241.38,3.68,1
,,,,,,,,,,
0.07,1.02,-9.33,-0.03,0.03,0.03,38.58,984.59,241.37,3.94,1
,,,,,,,,,,
0.08,1.05,-9.34,-0.03,0.03,0.03,38.58,984.59,241.42,3.68,1
,,,,,,,,,,
0.08,1,-9.35,-0.03,0.03,0.03,38.59,984.58,241.51,3.69,1
,,,,,,,,,,
0.08,1.04,-9.33,-0.03,0.03,0.04,38.59,984.58,241.48,3.71,1
,,,,,,,,,,
0.07,1.02,-9.32,-0.03,0.03,0.03,38.59,984.58,241.52,3.95,1
,,,,,,,,,,
0.07,1.02,-9.34,-0.03,0.03,0.03,38.6,984.59,241.42,3.73,1
,,,,,,,,,,
0.07,1.02,-9.34,-0.03,0.03,0.03,38.6,984.59,241.42,3.73,0
,,,,,,,,,,
0.07,1.04,-9.33,-0.03,0.03,0.03,38.6,984.57,241.66,3.68,1
,,,,,,,,,,
0.07,1.02,-9.35,-0.03,0.03,0.04,38.61,984.54,241.79,3.68,1
,,,,,,,,,,
0.06,1.03,-9.34,-0.03,0.03,0.03,38.62,984.54,241.87,3.71,1
,,,,,,,,,,
0.04,1.02,-9.33,-0.03,0.03,0.03,38.62,984.52,242.07,3.78,1
,,,,,,,,,,
0.09,1.02,-9.31,-0.03,0.03,0.03,38.62,984.51,242.07,3.96,1
,,,,,,,,,,
0.07,1.03,-9.34,-0.03,0.03,0.03,38.63,984.51,242.18,3.89,1
,,,,,,,,,,
0.07,1.02,-9.33,-0.03,0.03,0.03,38.63,984.5,242.16,3.95,1
,,,,,,,,,,
0.07,1.04,-9.34,-0.03,0.03,0.03,38.64,984.49,242.28,3.89,1
,,,,,,,,,,
0.07,1.03,-9.34,-0.03,0.03,0.03,38.64,984.49,242.23,3.85,1
,,,,,,,,,,
0.07,1.02,-9.33,-0.03,0.03,0.03,38.65,984.48,242.37,3.68,1
,,,,,,,,,,
0.07,1.05,-9.33,-0.03,0.03,0.03,38.65,984.47,242.45,3.72,1
,,,,,,,,,,
0.06,1.02,-9.31,-0.03,0.03,0.03,38.66,984.46,242.51,3.76,1
,,,,,,,,,,
0.06,1.03,-9.33,-0.03,0.03,0.03,38.66,984.46,242.47,3.76,1
,,,,,,,,,,
0.05,1.01,-9.36,-0.03,0.03,0.03,38.66,984.46,242.5,3.67,1
,,,,,,,,,,
0.07,1.02,-9.32,-0.03,0.03,0.03,38.67,984.48,242.3,3.74,1
,,,,,,,,,,
0.08,1.04,-9.36,-0.03,0.03,0.03,38.67,984.48,242.4,3.71,1
,,,,,,,,,,
0.06,1.03,-9.35,-0.03,0.03,0.03,38.68,984.47,242.47,3.85,1
,,,,,,,,,,
0.06,1.05,-9.31,-0.03,0.03,0.03,38.68,984.45,242.59,3.68,1
,,,,,,,,,,
0.06,1.02,-9.35,-0.03,0.03,0.03,38.69,984.45,242.65,3.71,1
,,,,,,,,,,
0.07,1.03,-9.32,-0.03,0.03,0.03,38.69,984.43,242.67,3.81,1
,,,,,,,,,,
0.09,1.03,-9.35,-0.03,0.03,0.03,38.7,984.43,242.73,3.8,1
,,,,,,,,,,
0.07,1,-9.32,-0.03,0.04,0.03,38.7,984.43,242.79,3.73,1
,,,,,,,,,,
0.09,1.04,-9.34,-0.03,0.03,0.03,38.71,984.43,242.76,3.77,1
,,,,,,,,,,
0.08,1.02,-9.33,-0.03,0.03,0.04,38.71,984.42,242.82,3.95,1
,,,,,,,,,,
0.06,1.02,-9.33,-0.03,0.03,0.03,38.72,984.43,242.85,3.9,1
,,,,,,,,,,
0.09,1.02,-9.32,-0.03,0.03,0.03,38.72,984.41,242.95,3.88,1
,,,,,,,,,,
0.05,1.01,-9.33,-0.03,0.03,0.04,38.73,984.41,242.92,3.72,1
,,,,,,,,,,
0.07,1.03,-9.31,-0.03,0.03,0.03,38.73,984.41,242.91,3.79,1
,,,,,,,,,,
0.06,1.04,-9.33,-0.03,0.03,0.04,38.74,984.41,242.92,3.7,1
,,,,,,,,,,
0.06,1.04,-9.34,-0.03,0.03,0.03,38.74,984.41,243.01,3.94,1
,,,,,,,,,,
0.08,1.02,-9.31,-0.03,0.03,0.04,38.75,984.41,242.94,3.76,1
,,,,,,,,,,
0.07,1.03,-9.33,-0.03,0.03,0.03,38.75,984.41,242.9,3.88,1
,,,,,,,,,,
0.08,1.02,-9.36,-0.03,0.03,0.04,38.75,984.42,242.92,3.88,1
,,,,,,,,,,
0.09,1.03,-9.36,-0.03,0.03,0.03,38.76,984.43,242.74,3.81,1
,,,,,,,,,,
0.07,1.03,-9.36,-0.03,0.03,0.04,38.76,984.42,242.87,3.73,1
,,,,,,,,,,
0.07,1.02,-9.34,-0.03,0.03,0.03,38.77,984.42,242.91,3.94,1
,,,,,,,,,,
0.07,1.02,-9.36,-0.03,0.03,0.03,38.77,984.39,243.1,3.94,1
,,,,,,,,,,
0.06,1.01,-9.32,-0.03,0.03,0.03,38.77,984.39,243.1,3.96,1
,,,,,,,,,,
0.07,1.05,-9.33,-0.03,0.03,0.03,38.78,984.38,243.25,3.94,1
,,,,,,,,,,
0.07,1.01,-9.34,-0.03,0.03,0.03,38.79,984.37,243.32,3.7,1
,,,,,,,,,,
0.07,1.03,-9.36,-0.03,0.03,0.03,38.79,984.36,243.39,3.72,1
,,,,,,,,,,
0.09,1.02,-9.35,-0.03,0.03,0.03,38.79,984.35,243.49,3.95,1
,,,,,,,,,,
0.08,1.03,-9.35,-0.03,0.03,0.03,38.79,984.32,243.63,3.96,1
,,,,,,,,,,
0.06,1.02,-9.37,-0.03,0.03,0.03,38.8,984.33,243.63,3.85,1
,,,,,,,,,,
0.05,1.02,-9.31,-0.03,0.03,0.03,38.8,984.33,243.58,3.88,1
,,,,,,,,,,
0.07,1.05,-9.35,-0.03,0.03,0.03,38.81,984.33,243.69,3.95,1
,,,,,,,,,,
0.07,1.05,-9.34,-0.03,0.03,0.03,38.81,984.33,243.61,3.96,1
,,,,,,,,,,
0.09,1.04,-9.34,-0.03,0.03,0.03,38.82,984.34,243.47,3.84,1
,,,,,,,,,,
0.07,1.04,-9.33,-0.03,0.03,0.03,38.82,984.35,243.34,3.96,1
,,,,,,,,,,
0.06,1.02,-9.34,-0.03,0.03,0.03,38.82,984.37,243.38,3.77,1
,,,,,,,,,,
0.06,1.04,-9.33,-0.03,0.03,0.03,38.83,984.36,243.34,3.94,1
,,,,,,,,,,
0.04,1.04,-9.34,-0.03,0.03,0.03,38.83,984.36,243.33,3.88,1
,,,,,,,,,,
0.08,1.04,-9.33,-0.03,0.03,0.03,38.83,984.35,243.43,3.89,1
,,,,,,,,,,
0.08,1.04,-9.32,-0.03,0.03,0.03,38.84,984.36,243.32,3.93,1
,,,,,,,,,,
0.07,1.03,-9.34,-0.03,0.03,0.03,38.84,984.37,243.21,3.94,1
,,,,,,,,,,
0.06,1.03,-9.32,-0.03,0.03,0.03,38.85,984.39,243.12,3.73,1
,,,,,,,,,,
0.06,1.03,-9.32,-0.03,0.03,0.03,38.85,984.39,243.12,3.73,0
,,,,,,,,,,
0.06,1.02,-9.33,-0.03,0.03,0.03,38.85,984.4,243.01,3.85,1
,,,,,,,,,,
0.08,1.05,-9.31,-0.03,0.03,0.03,38.86,984.42,242.94,3.71,1
,,,,,,,,,,
0.05,1.03,-9.33,-0.03,0.03,0.03,38.86,984.43,242.75,3.93,1
,,,,,,,,,,
0.07,1.02,-9.33,-0.03,0.03,0.03,38.87,984.42,242.8,3.87,1
,,,,,,,,,,
0.08,1.02,-9.31,-0.03,0.03,0.03,38.87,984.43,242.79,3.91,1
,,,,,,,,,,
0.05,1.02,-9.36,-0.03,0.03,0.03,38.88,984.45,242.53,3.87,1
,,,,,,,,,,
0.06,1.01,-9.34,-0.03,0.03,0.03,38.88,984.46,242.53,3.69,1
,,,,,,,,,,
0.06,1.02,-9.35,-0.03,0.03,0.04,38.89,984.46,242.5,3.79,1
,,,,,,,,,,
0.03,1.05,-9.32,-0.03,0.03,0.03,38.89,984.48,242.38,3.8,1
,,,,,,,,,,
0.06,1.02,-9.35,-0.03,0.03,0.04,38.89,984.48,242.37,3.96,1
,,,,,,,,,,
0.06,1.04,-9.32,-0.03,0.03,0.03,38.9,984.49,242.26,3.71,1
,,,,,,,,,,
0.08,1.04,-9.36,-0.03,0.03,0.03,38.9,984.5,242.09,3.68,1
,,,,,,,,,,
0.08,1.01,-9.3,-0.03,0.03,0.03,38.91,984.5,242.1,3.83,1
,,,,,,,,,,
0.06,1.03,-9.31,-0.03,0.03,0.03,38.91,984.5,242.12,3.69,1
,,,,,,,,,,
0.05,1.03,-9.32,-0.03,0.03,0.03,38.92,984.51,242.01,3.69,1
,,,,,,,,,,
0.07,1,-9.31,-0.03,0.03,0.03,38.92,984.53,241.93,3.7,1
,,,,,,,,,,
0.07,1.09,-9.32,-0.03,0.03,0.03,38.92,984.53,241.84,3.7,1
,,,,,,,,,,
0.06,1.01,-9.37,-0.03,0.03,0.03,38.93,984.54,241.82,3.68,1
,,,,,,,,,,
0.07,1.04,-9.32,-0.03,0.03,0.03,38.93,984.53,241.92,3.69,1
,,,,,,,,,,
0.05,0.99,-9.33,-0.03,0.03,0.03,38.93,984.53,241.86,3.96,1
,,,,,,,,,,
0.09,1.05,-9.33,-0.03,0.03,0.04,38.94,984.54,241.76,3.85,1
,,,,,,,,,,
0.06,1.01,-9.32,-0.03,0.03,0.03,38.94,984.56,241.59,3.79,1
,,,,,,,,,,
0.09,1.01,-9.32,-0.03,0.03,0.03,38.94,984.56,241.66,3.68,1
,,,,,,,,,,
0.07,1.03,-9.34,-0.03,0.03,0.03,38.95,984.55,241.82,3.96,1
,,,,,,,,,,
0.09,1,-9.34,-0.03,0.03,0.03,38.95,984.52,242.05,3.91,1
,,,,,,,,,,
0.06,1.05,-9.34,-0.03,0.03,0.03,38.95,984.51,242.15,3.91,1
,,,,,,,,,,
0.08,1,-9.33,-0.03,0.03,0.03,38.96,984.5,242.18,3.67,1
,,,,,,,,,,
0.07,1.02,-9.34,-0.03,0.03,0.03,38.96,984.51,242.06,3.67,1
,,,,,,,,,,
0.04,1.02,-9.33,-0.03,0.03,0.03,38.96,984.5,242.15,3.95,1
,,,,,,,,,,
0.08,1.01,-9.34,-0.03,0.03,0.03,38.96,984.5,242.11,3.75,1
,,,,,,,,,,
0.09,1.06,-9.36,-0.03,0.03,0.03,38.97,984.51,242.05,3.88,1
,,,,,,,,,,
0.06,1.02,-9.28,-0.03,0.03,0.03,38.97,984.51,242.09,3.74,1
,,,,,,,,,,
0.05,1.05,-9.29,-0.03,0.03,0.03,38.97,984.5,242.25,3.68,1
,,,,,,,,,,
0.07,1.02,-9.35,-0.03,0.03,0.03,38.98,984.46,242.52,3.94,1
,,,,,,,,,,
0.06,1.05,-9.34,-0.03,0.03,0.04,38.98,984.42,242.89,3.67,1
,,,,,,,,,,
0.04,1.02,-9.35,-0.03,0.03,0.03,38.98,984.39,243.13,3.75,1
,,,,,,,,,,
0.07,1.03,-9.36,-0.03,0.03,0.03,38.98,984.37,243.27,3.85,1
,,,,,,,,,,
0.06,1.03,-9.35,-0.03,0.03,0.03,38.99,984.34,243.5,3.7,1
,,,,,,,,,,
0.08,1.03,-9.31,-0.03,0.03,0.03,38.99,984.34,243.59,3.73,1
,,,,,,,,,,
0.06,1.03,-9.32,-0.03,0.03,0.03,38.99,984.33,243.65,3.83,1
,,,,,,,,,,
0.07,1.03,-9.34,-0.03,0.03,0.04,38.99,984.32,243.73,3.7,1
,,,,,,,,,,
0.07,1.01,-9.35,-0.03,0.03,0.03,38.99,984.3,243.87,3.75,1
,,,,,,,,,,
0.09,1.02,-9.35,-0.03,0.03,0.04,39,984.28,244.05,3.82,1
,,,,,,,,,,
0.07,1.02,-9.38,-0.03,0.03,0.03,39,984.29,244,3.88,1
,,,,,,,,,,
0.05,1.04,-9.3,-0.03,0.03,0.04,39,984.28,243.98,3.67,1
,,,,,,,,,,
0.09,1.02,-9.34,-0.03,0.03,0.03,39,984.28,244.06,3.67,1
,,,,,,,,,,
0.07,1.03,-9.32,-0.03,0.03,0.03,39,984.25,244.29,3.76,1
,,,,,,,,,,
0.08,1.02,-9.35,-0.03,0.03,0.04,39.01,984.24,244.43,3.85,1
,,,,,,,,,,
0.08,1.02,-9.34,-0.03,0.03,0.03,39.01,984.22,244.57,3.68,1
,,,,,,,,,,
0.06,1.01,-9.33,-0.03,0.03,0.03,39.01,984.21,244.64,3.83,1
,,,,,,,,,,
0.07,1.03,-9.35,-0.03,0.03,0.03,39.01,984.22,244.56,3.71,1
,,,,,,,,,,
0.07,1.01,-9.34,-0.03,0.03,0.03,39.01,984.2,244.75,3.7,1
,,,,,,,,,,
0.06,1.05,-9.32,-0.03,0.03,0.03,39.02,984.2,244.76,3.85,1
,,,,,,,,,,
0.05,1.04,-9.32,-0.03,0.03,0.04,39.02,984.18,244.96,3.84,1
,,,,,,,,,,
0.07,1.04,-9.32,-0.03,0.03,0.03,39.02,984.17,244.97,3.69,1
,,,,,,,,,,
0.07,1.02,-9.36,-0.03,0.03,0.03,39.02,984.15,245.21,3.85,1
,,,,,,,,,,
0.07,1.03,-9.34,-0.03,0.03,0.03,39.03,984.14,245.23,3.76,1
,,,,,,,,,,
0.08,1.02,-9.33,-0.03,0.03,0.03,39.03,984.14,245.25,3.88,1
,,,,,,,,,,
0.06,1.03,-9.33,-0.03,0.03,0.03,39.03,984.13,245.31,3.96,1
,,,,,,,,,,
0.07,1.02,-9.33,-0.03,0.03,0.03,39.03,984.12,245.42,3.71,1
,,,,,,,,,,
0.1,1.02,-9.33,-0.03,0.03,0.03,39.03,984.11,245.48,3.9,1
,,,,,,,,,,
0.06,1.03,-9.32,-0.03,0.03,0.03,39.03,984.1,245.54,3.74,1
,,,,,,,,,,
0.09,1.03,-9.32,-0.03,0.03,0.03,39.04,984.14,245.28,3.91,1
,,,,,,,,,,
0.06,1.02,-9.35,-0.03,0.03,0.03,39.04,984.11,245.49,3.82,1
,,,,,,,,,,
0.07,1.01,-9.34,-0.03,0.03,0.03,39.04,984.09,245.65,3.77,1
,,,,,,,,,,
0.07,1.02,-9.32,-0.03,0.03,0.03,39.04,984.08,245.75,3.95,1
,,,,,,,,,,
0.07,1.03,-9.33,-0.03,0.03,0.03,39.05,984.07,245.84,3.7,1
,,,,,,,,,,
0.07,1.03,-9.37,-0.03,0.03,0.03,39.05,984.06,245.98,3.96,1
,,,,,,,,,,
0.07,1.03,-9.35,-0.03,0.03,0.03,39.05,984.04,246,3.94,1
,,,,,,,,,,
0.06,1.02,-9.31,-0.03,0.03,0.03,39.05,984.04,246.1,3.79,1
,,,,,,,,,,
0.06,1.03,-9.33,-0.03,0.03,0.03,39.05,984.05,246,3.95,1
,,,,,,,,,,
0.09,1.02,-9.33,-0.03,0.03,0.03,39.06,984.05,246.12,3.96,1
,,,,,,,,,,
0.08,1.03,-9.34,-0.03,0.03,0.03,39.06,984.03,246.22,3.96,1
,,,,,,,,,,
0.05,1.02,-9.36,-0.03,0.03,0.03,39.06,984.03,246.18,3.91,1
,,,,,,,,,,
0.07,1.01,-9.34,-0.03,0.03,0.03,39.06,984.04,246.01,3.92,1
,,,,,,,,,,
0.09,1.02,-9.36,-0.03,0.03,0.03,39.07,984.04,246.04,3.68,1
,,,,,,,,,,
0.07,1.02,-9.33,-0.03,0.03,0.03,39.07,984.06,245.98,3.93,1
,,,,,,,,,,
0.07,1.01,-9.34,-0.03,0.03,0.03,39.07,984.05,246,3.96,1
,,,,,,,,,,
0.07,1.02,-9.33,-0.03,0.03,0.03,39.07,984.06,245.85,3.94,1
,,,,,,,,,,
0.08,1.02,-9.32,-0.03,0.03,0.03,39.08,984.07,245.78,3.68,1
,,,,,,,,,,
0.09,1.03,-9.34,-0.03,0.03,0.03,39.08,984.09,245.61,3.93,1
,,,,,,,,,,
0.07,1.03,-9.33,-0.03,0.03,0.03,39.08,984.11,245.53,3.95,1
,,,,,,,,,,
0.08,1,-9.34,-0.03,0.03,0.03,39.08,984.11,245.43,3.68,1
,,,,,,,,,,
0.07,1.01,-9.35,-0.03,0.03,0.03,39.09,984.14,245.16,3.9,1
,,,,,,,,,,
0.09,1.02,-9.33,-0.03,0.03,0.03,39.09,984.16,244.97,3.76,1
,,,,,,,,,,
0.07,1.03,-9.32,-0.03,0.03,0.03,39.09,984.17,244.97,3.95,1
,,,,,,,,,,
0.09,1.03,-9.3,-0.03,0.03,0.03,39.1,984.17,244.96,3.94,1
,,,,,,,,,,
0.07,1.03,-9.3,-0.03,0.03,0.03,39.1,984.18,244.81,3.7,1
,,,,,,,,,,
0.06,1.03,-9.32,-0.03,0.03,0.03,39.1,984.19,244.84,3.82,1
,,,,,,,,,,
0.05,1.01,-9.33,-0.03,0.03,0.03,39.1,984.2,244.69,3.95,1
,,,,,,,,,,
0.07,1.04,-9.34,-0.03,0.03,0.03,39.11,984.21,244.53,3.96,1
,,,,,,,,,,
0.07,1.04,-9.34,-0.03,0.03,0.03,39.11,984.21,244.53,3.96,0
,,,,,,,,,,
0.07,1.03,-9.32,-0.03,0.03,0.03,39.11,984.23,244.47,3.92,1
,,,,,,,,,,
0.08,1.04,-9.34,-0.03,0.03,0.03,39.11,984.23,244.55,3.81,1
,,,,,,,,,,
0.08,1.04,-9.34,-0.03,0.03,0.03,39.11,984.23,244.55,3.81,0
,,,,,,,,,,
0.08,1.04,-9.33,-0.03,0.03,0.04,39.12,984.23,244.33,3.95,1
,,,,,,,,,,
0.1,1.01,-9.34,-0.03,0.03,0.03,39.12,984.27,244.12,3.73,1
,,,,,,,,,,
0.06,1.02,-9.35,-0.03,0.03,0.03,39.12,984.27,244.07,3.91,1
,,,,,,,,,,
0.08,1.03,-9.31,-0.03,0.03,0.04,39.12,984.27,244.16,3.91,1
,,,,,,,,,,
0.1,1.07,-9.33,-0.03,0.03,0.03,39.13,984.29,243.97,3.91,1
,,,,,,,,,,
0.08,1.01,-9.33,-0.03,0.03,0.03,39.13,984.29,243.84,3.93,1
,,,,,,,,,,
0.07,1.01,-9.32,-0.03,0.03,0.03,39.13,984.31,243.72,3.73,1
,,,,,,,,,,
0.04,1.03,-9.3,-0.03,0.03,0.03,39.13,984.32,243.73,3.69,1
,,,,,,,,,,
0.06,1.05,-9.33,-0.03,0.03,0.03,39.14,984.31,243.82,3.87,1
,,,,,,,,,,
0.08,1.02,-9.32,-0.03,0.03,0.04,39.14,984.31,243.72,3.88,1
,,,,,,,,,,
0.07,1.02,-9.33,-0.03,0.03,0.03,39.14,984.33,243.64,3.68,1
,,,,,,,,,,
0.05,1.02,-9.36,-0.03,0.03,0.04,39.14,984.33,243.65,3.71,1
,,,,,,,,,,
0.07,1.04,-9.32,-0.03,0.03,0.03,39.14,984.32,243.73,3.91,1
,,,,,,,,,,
0.08,1.03,-9.33,-0.03,0.03,0.03,39.15,984.31,243.74,3.68,1
,,,,,,,,,,
0.07,1.04,-9.33,-0.03,0.03,0.03,39.15,984.31,243.88,3.68,1
,,,,,,,,,,
0.08,1.04,-9.35,-0.03,0.03,0.03,39.15,984.3,243.83,3.67,1
,,,,,,,,,,
0.04,1.02,-9.34,-0.03,0.03,0.03,39.16,984.29,243.91,3.9,1
,,,,,,,,,,
0.08,1.02,-9.36,-0.03,0.03,0.03,39.16,984.29,243.96,3.94,1
,,,,,,,,,,
0.07,1.03,-9.32,-0.03,0.03,0.03,39.16,984.3,243.96,3.85,1
,,,,,,,,,,
0.06,1.02,-9.32,-0.03,0.03,0.03,39.16,984.29,243.9,3.68,1
,,,,,,,,,,
0.06,1.03,-9.33,-0.03,0.03,0.03,39.16,984.3,243.92,3.88,1
,,,,,,,,,,
0.06,1.03,-9.33,-0.03,0.03,0.03,39.16,984.3,243.92,3.88,0
,,,,,,,,,,
0.06,1,-9.35,-0.03,0.03,0.03,39.17,984.27,244.12,3.68,1
,,,,,,,,,,
0.06,1.04,-9.35,-0.03,0.03,0.03,39.17,984.25,244.27,3.68,1
,,,,,,,,,,
0.06,1.03,-9.32,-0.03,0.03,0.03,39.17,984.25,244.29,3.69,1
,,,,,,,,,,
0.08,1.02,-9.33,-0.03,0.03,0.03,39.18,984.24,244.32,3.91,1
,,,,,,,,,,
0.07,1.03,-9.33,-0.03,0.03,0.03,39.18,984.25,244.23,3.8,1
,,,,,,,,,,
0.05,1.04,-9.32,-0.03,0.03,0.03,39.18,984.25,244.29,3.69,1
,,,,,,,,,,
0.05,1.04,-9.32,-0.03,0.03,0.03,39.18,984.25,244.29,3.69,0
,,,,,,,,,,
0.06,1.01,-9.31,-0.03,0.03,0.03,39.19,984.25,244.26,3.71,1
,,,,,,,,,,
0.07,1.03,-9.34,-0.03,0.03,0.03,39.19,984.27,244.19,3.73,1
,,,,,,,,,,
0.08,1.02,-9.33,-0.03,0.03,0.03,39.19,984.26,244.14,3.68,1
,,,,,,,,,,
0.06,1.03,-9.33,-0.03,0.03,0.03,39.2,984.27,244.1,3.69,1
,,,,,,,,,,
0.06,1.02,-9.33,-0.03,0.03,0.03,39.2,984.27,244.08,3.95,1
,,,,,,,,,,
0.08,1.03,-9.31,-0.03,0.03,0.03,39.2,984.27,244.13,3.71,1
,,,,,,,,,,
0.04,1.02,-9.32,-0.03,0.03,0.03,39.2,984.28,244,3.7,1
,,,,,,,,,,
0.07,1.04,-9.32,-0.03,0.03,0.03,39.21,984.31,243.77,3.79,1
,,,,,,,,,,
0.08,1.02,-9.33,-0.03,0.03,0.03,39.21,984.31,243.78,3.71,1
,,,,,,,,,,
0.08,1.04,-9.33,-0.03,0.03,0.03,39.21,984.31,243.84,3.69,1
,,,,,,,,,,
0.07,1,-9.36,-0.03,0.03,0.03,39.21,984.31,243.88,3.83,1
,,,,,,,,,,
0.07,1.02,-9.32,-0.03,0.03,0.03,39.22,984.31,243.82,3.72,1
,,,,,,,,,,
0.05,1.01,-9.33,-0.03,0.03,0.03,39.22,984.32,243.68,3.71,1
,,,,,,,,,,
0.07,1,-9.36,-0.03,0.03,0.03,39.22,984.33,243.67,3.92,1
,,,,,,,,,,
0.08,1.01,-9.31,-0.03,0.03,0.03,39.23,984.31,243.68,3.71,1
,,,,,,,,,,
0.08,1.02,-9.33,-0.03,0.03,0.03,39.23,984.32,243.72,3.71,1
,,,,,,,,,,
0.07,1.03,-9.36,-0.03,0.03,0.03,39.23,984.32,243.82,3.92,1
,,,,,,,,,,
0.11,1.04,-9.33,-0.03,0.03,0.03,39.23,984.31,243.73,3.71,1
,,,,,,,,,,
0.07,1.03,-9.35,-0.03,0.03,0.03,39.24,984.32,243.61,3.89,1
,,,,,,,,,,
0.07,1.01,-9.32,-0.03,0.03,0.03,39.24,984.33,243.6,3.86,1
,,,,,,,,,,
0.07,1.03,-9.34,-0.03,0.03,0.03,39.24,984.34,243.66,3.85,1
,,,,,,,,,,
0.07,1.03,-9.36,-0.03,0.03,0.03,39.24,984.34,243.51,3.76,1
,,,,,,,,,,
0.07,1.03,-9.33,-0.03,0.03,0.03,39.25,984.35,243.46,3.91,1
,,,,,,,,,,
0.05,1.04,-9.33,-0.03,0.03,0.03,39.25,984.33,243.49,3.88,1
,,,,,,,,,,
0.05,1.03,-9.32,-0.03,0.03,0.03,39.25,984.34,243.45,3.91,1
,,,,,,,,,,
0.07,1.02,-9.32,-0.03,0.03,0.03,39.25,984.35,243.41,3.92,1
,,,,,,,,,,
0.07,1.03,-9.33,-0.03,0.03,0.03,39.26,984.36,243.38,3.96,1
,,,,,,,,,,
0.08,1.04,-9.32,-0.03,0.03,0.03,39.26,984.37,243.25,3.93,1
,,,,,,,,,,
0.08,1.04,-9.35,-0.03,0.03,0.04,39.26,984.38,243.13,3.79,1
,,,,,,,,,,
0.08,1.04,-9.35,-0.03,0.03,0.04,39.26,984.38,243.13,3.79,0
,,,,,,,,,,
0.07,1.02,-9.32,-0.03,0.03,0.03,39.26,984.4,243.01,3.94,1
,,,,,,,,,,
0.1,1.02,-9.3,-0.03,0.03,0.03,39.27,984.4,242.88,3.95,1
,,,,,,,,,,
0.07,1.03,-9.34,-0.03,0.03,0.03,39.27,984.41,242.9,3.96,1
,,,,,,,,,,
0.08,1.02,-9.36,-0.03,0.03,0.03,39.28,984.43,242.71,3.95,1
,,,,,,,,,,
0.07,1.02,-9.3,-0.03,0.03,0.03,39.28,984.43,242.8,3.95,1
,,,,,,,,,,
0.07,1.03,-9.32,-0.03,0.03,0.03,39.28,984.43,242.74,3.95,1
,,,,,,,,,,
0.09,1.04,-9.34,-0.03,0.03,0.03,39.28,984.44,242.58,3.96,1
,,,,,,,,,,
0.08,1.05,-9.35,-0.03,0.03,0.03,39.29,984.46,242.52,3.71,1
,,,,,,,,,,
0.07,1.03,-9.34,-0.03,0.03,0.03,39.29,984.46,242.42,3.91,1
,,,,,,,,,,
0.08,1.02,-9.31,-0.03,0.03,0.03,39.29,984.47,242.38,3.96,1
,,,,,,,,,,
0.06,1.02,-9.31,-0.03,0.03,0.03,39.29,984.48,242.34,3.92,1
,,,,,,,,,,
0.06,1.03,-9.33,-0.03,0.03,0.03,39.29,984.48,242.36,3.68,1
,,,,,,,,,,
0.08,1.03,-9.32,-0.03,0.03,0.03,39.3,984.48,242.28,3.95,1
,,,,,,,,,,
0.08,1.02,-9.33,-0.03,0.03,0.03,39.3,984.47,242.44,3.91,1
,,,,,,,,,,
0.06,1.02,-9.34,-0.03,0.03,0.03,39.3,984.46,242.54,3.9,1
,,,,,,,,,,
0.06,1,-9.33,-0.03,0.03,0.03,39.3,984.45,242.63,3.96,1
,,,,,,,,,,
0.07,1.04,-9.34,-0.03,0.03,0.03,39.3,984.44,242.75,3.75,1
,,,,,,,,,,
0.09,1.01,-9.37,-0.03,0.03,0.03,39.31,984.43,242.81,3.86,1
,,,,,,,,,,
0.06,1.01,-9.33,-0.03,0.03,0.03,39.31,984.42,242.86,3.96,1
,,,,,,,,,,
0.07,1.03,-9.34,-0.03,0.03,0.03,39.31,984.4,242.98,3.95,1
,,,,,,,,,,
0.09,1.05,-9.33,-0.03,0.03,0.03,39.31,984.41,242.88,3.7,1
,,,,,,,,,,
0.06,1.03,-9.34,-0.03,0.03,0.03,39.32,984.39,242.98,3.91,1
,,,,,,,,,,
0.08,1.02,-9.33,-0.03,0.03,0.03,39.32,984.41,242.92,3.94,1
,,,,,,,,,,
0.08,1.02,-9.33,-0.03,0.03,0.03,39.32,984.41,242.92,3.94,0
,,,,,,,,,,
0.06,1.04,-9.36,-0.03,0.03,0.03,39.32,984.4,242.96,3.79,1
,,,,,,,,,,
0.06,1.03,-9.32,-0.03,0.03,0.03,39.32,984.39,243.03,3.74,1
,,,,,,,,,,
0.07,1.04,-9.34,-0.03,0.03,0.03,39.33,984.42,242.91,3.71,1
,,,,,,,,,,
0.09,1.03,-9.33,-0.03,0.03,0.03,39.33,984.4,242.99,3.95,1
,,,,,,,,,,
0.07,1.03,-9.31,-0.03,0.03,0.03,39.33,984.4,243.09,3.69,1
,,,,,,,,,,
0.07,1.01,-9.35,-0.03,0.03,0.03,39.33,984.39,243.11,3.82,1
,,,,,,,,,,
0.08,1.03,-9.32,-0.03,0.03,0.03,39.34,984.4,243.05,3.88,1
,,,,,,,,,,
0.07,1.04,-9.32,-0.03,0.03,0.03,39.34,984.4,243.03,3.68,1
,,,,,,,,,,
0.08,1.02,-9.35,-0.03,0.03,0.03,39.34,984.39,243.04,3.71,1
,,,,,,,,,,
0.06,1.02,-9.33,-0.03,0.03,0.03,39.34,984.39,243.08,3.7,1
,,,,,,,,,,
0.07,1.02,-9.32,-0.03,0.03,0.03,39.34,984.4,243.1,3.73,1
,,,,,,,,,,
0.06,1.01,-9.35,-0.03,0.03,0.03,39.35,984.4,243.11,3.69,1
,,,,,,,,,,
0.06,1.03,-9.33,-0.03,0.03,0.03,39.35,984.39,243.1,3.71,1
,,,,,,,,,,
0.08,1.01,-9.32,-0.03,0.03,0.03,39.35,984.4,243.02,3.7,1
,,,,,,,,,,
0.06,1.03,-9.37,-0.03,0.03,0.03,39.35,984.4,243,3.74,1
,,,,,,,,,,
0.08,1.04,-9.34,-0.03,0.03,0.03,39.36,984.4,242.98,3.69,1
,,,,,,,,,,
0.08,1.04,-9.34,-0.03,0.03,0.03,39.36,984.4,242.98,3.69,0
,,,,,,,,,,
0.08,1.03,-9.34,-0.03,0.03,0.03,39.36,984.42,242.84,3.67,1
,,,,,,,,,,
0.08,1.03,-9.35,-0.03,0.03,0.03,39.36,984.44,242.72,3.69,1
,,,,,,,,,,
0.07,1.02,-9.32,-0.03,0.03,0.03,39.36,984.44,242.54,3.7,1
,,,,,,,,,,
0.05,1.04,-9.34,-0.03,0.03,0.03,39.36,984.45,242.57,3.68,1
,,,,,,,,,,
0.08,1.03,-9.36,-0.03,0.03,0.03,39.37,984.45,242.54,3.95,1
,,,,,,,,,,
0.07,1.03,-9.33,-0.03,0.03,0.03,39.37,984.46,242.52,3.68,1
,,,,,,,,,,
0.07,1.01,-9.33,-0.03,0.03,0.03,39.37,984.47,242.45,3.68,1
,,,,,,,,,,
0.07,1.01,-9.33,-0.03,0.03,0.03,39.38,984.47,242.47,3.69,1
,,,,,,,,,,
0.06,1.03,-9.36,-0.03,0.03,0.03,39.38,984.47,242.46,3.69,1
,,,,,,,,,,
0.05,1.04,-9.36,-0.03,0.03,0.03,39.38,984.47,242.42,3.68,1
,,,,,,,,,,
0.07,1.02,-9.36,-0.03,0.03,0.03,39.38,984.48,242.34,3.68,1
,,,,,,,,,,
0.06,1.05,-9.33,-0.03,0.03,0.03,39.39,984.48,242.29,3.67,1
,,,,,,,,,,
0.08,1.03,-9.33,-0.03,0.03,0.03,39.39,984.48,242.44,3.72,1
,,,,,,,,,,
0.06,1.04,-9.31,-0.03,0.03,0.04,39.39,984.47,242.45,3.67,1
,,,,,,,,,,
0.05,0.99,-9.32,-0.03,0.03,0.03,39.39,984.46,242.51,3.74,1
,,,,,,,,,,
0.06,1.02,-9.3,-0.03,0.03,0.03,39.4,984.44,242.7,3.78,1
,,,,,,,,,,
0.08,0.99,-9.31,-0.03,0.03,0.03,39.4,984.43,242.86,3.96,1
,,,,,,,,,,
0.08,1.02,-9.34,-0.03,0.03,0.03,39.4,984.4,243,3.69,1
,,,,,,,,,,
0.08,0.99,-9.36,-0.03,0.03,0.03,39.41,984.39,243.13,3.69,1
,,,,,,,,,,
0.08,0.99,-9.36,-0.03,0.03,0.03,39.41,984.39,243.13,3.69,0
,,,,,,,,,,
0.06,1.03,-9.32,-0.03,0.03,0.03,39.41,984.37,243.27,3.85,1
,,,,,,,,,,
0.06,1,-9.34,-0.03,0.03,0.03,39.42,984.35,243.45,3.77,1
,,,,,,,,,,
0.06,1.05,-9.32,-0.03,0.03,0.03,39.42,984.35,243.5,3.68,1
,,,,,,,,,,
0.08,1.04,-9.35,-0.03,0.03,0.03,39.42,984.33,243.58,3.73,1
,,,,,,,,,,
0.08,1.04,-9.35,-0.03,0.03,0.03,39.42,984.33,243.6,3.73,1
,,,,,,,,,,
0.07,1.02,-9.32,-0.03,0.03,0.03,39.43,984.33,243.64,3.7,1
,,,,,,,,,,
0.08,1.04,-9.33,-0.03,0.03,0.03,39.43,984.33,243.59,3.95,1
,,,,,,,,,,
0.05,1.03,-9.32,-0.03,0.03,0.03,39.43,984.34,243.55,3.82,1
,,,,,,,,,,
0.05,1.03,-9.32,-0.03,0.03,0.03,39.43,984.34,243.55,3.82,0
,,,,,,,,,,
0.07,1.04,-9.29,-0.03,0.03,0.03,39.43,984.35,243.47,3.91,1
,,,,,,,,,,
0.07,1.03,-9.32,-0.03,0.03,0.03,39.43,984.36,243.27,3.85,1
,,,,,,,,,,
0.08,1.03,-9.33,-0.03,0.03,0.03,39.44,984.38,243.15,3.81,1
,,,,,,,,,,
0.07,1.03,-9.33,-0.03,0.03,0.03,39.44,984.39,242.99,3.82,1
,,,,,,,,,,
0.07,1.02,-9.36,-0.03,0.03,0.03,39.44,984.41,242.87,3.84,1
,,,,,,,,,,
0.08,1.01,-9.33,-0.03,0.03,0.03,39.45,984.42,242.83,3.9,1
,,,,,,,,,,
0.05,1.03,-9.35,-0.03,0.03,0.03,39.45,984.42,242.84,3.95,1
,,,,,,,,,,
0.07,1.03,-9.33,-0.03,0.03,0.03,39.45,984.42,242.79,3.92,1
,,,,,,,,,,
0.08,1.04,-9.35,-0.03,0.03,0.03,39.45,984.42,242.89,3.77,1
,,,,,,,,,,
0.07,1.02,-9.31,-0.03,0.03,0.03,39.45,984.42,242.92,3.9,1
,,,,,,,,,,
0.07,1.03,-9.28,-0.03,0.03,0.03,39.45,984.4,242.97,3.91,1
,,,,,,,,,,
0.06,1.03,-9.33,-0.03,0.03,0.03,39.45,984.39,243.17,3.94,1
,,,,,,,,,,
0.07,1.02,-9.32,-0.03,0.03,0.03,39.45,984.38,243.19,3.95,1
,,,,,,,,,,
0.07,1.04,-9.32,-0.03,0.03,0.03,39.45,984.38,243.08,3.96,1
,,,,,,,,,,
0.06,1.01,-9.34,-0.03,0.03,0.04,39.45,984.38,243.21,3.96,1
,,,,,,,,,,
0.06,1.04,-9.34,-0.03,0.03,0.03,39.46,984.37,243.27,3.85,1
,,,,,,,,,,
0.07,1.02,-9.31,-0.03,0.03,0.03,39.46,984.37,243.23,3.73,1
,,,,,,,,,,
0.07,1.04,-9.33,-0.03,0.03,0.03,39.46,984.37,243.23,3.93,1
,,,,,,,,,,
0.07,1.03,-9.34,-0.03,0.03,0.03,39.46,984.37,243.27,3.67,1
,,,,,,,,,,
0.08,1.02,-9.33,-0.03,0.03,0.03,39.46,984.39,243.13,3.95,1
,,,,,,,,,,
0.06,1.04,-9.33,-0.03,0.03,0.03,39.46,984.39,243.06,3.93,1
,,,,,,,,,,
0.07,1.02,-9.36,-0.03,0.03,0.03,39.46,984.4,243.03,3.95,1
,,,,,,,,,,
0.07,1.03,-9.33,-0.03,0.03,0.03,39.46,984.4,243.04,3.87,1
,,,,,,,,,,
0.06,1.03,-9.36,-0.03,0.03,0.03,39.47,984.4,243.01,3.68,1
,,,,,,,,,,
0.06,1.02,-9.36,-0.03,0.03,0.03,39.47,984.41,242.9,3.88,1
,,,,,,,,,,
0.08,1.04,-9.33,-0.03,0.03,0.03,39.47,984.43,242.8,3.96,1
,,,,,,,,,,
0.05,1.03,-9.32,-0.03,0.03,0.03,39.47,984.43,242.7,3.88,1
,,,,,,,,,,
0.08,1.02,-9.33,-0.03,0.03,0.03,39.48,984.45,242.59,3.94,1
,,,,,,,,,,
0.06,1.02,-9.33,-0.03,0.03,0.03,39.48,984.45,242.56,3.95,1
,,,,,,,,,,
0.08,1.04,-9.33,-0.03,0.04,0.03,39.48,984.46,242.46,3.91,1
,,,,,,,,,,
0.07,1.03,-9.33,-0.03,0.03,0.03,39.48,984.47,242.4,3.94,1
,,,,,,,,,,
0.07,1.04,-9.34,-0.03,0.03,0.03,39.48,984.47,242.38,3.91,1
,,,,,,,,,,
0.07,1.04,-9.35,-0.03,0.03,0.03,39.49,984.47,242.34,3.92,1
,,,,,,,,,,
0.06,1.03,-9.34,-0.03,0.03,0.03,39.49,984.47,242.34,3.9,1
,,,,,,,,,,
0.05,1.02,-9.32,-0.03,0.03,0.03,39.49,984.47,242.35,3.74,1
,,,,,,,,,,
0.07,1.03,-9.34,-0.03,0.03,0.03,39.49,984.48,242.28,3.94,1
,,,,,,,,,,
0.08,1.04,-9.31,-0.03,0.03,0.03,39.49,984.48,242.32,3.77,1
,,,,,,,,,,
0.06,1.02,-9.31,-0.03,0.03,0.03,39.49,984.48,242.33,3.85,1
,,,,,,,,,,
0.06,1.03,-9.33,-0.03,0.03,0.03,39.5,984.47,242.38,3.73,1
,,,,,,,,,,
0.06,1.02,-9.35,-0.03,0.03,0.03,39.5,984.47,242.47,3.84,1
,,,,,,,,,,
0.08,1.03,-9.29,-0.03,0.03,0.03,39.5,984.46,242.5,3.83,1
,,,,,,,,,,
0.09,1.03,-9.33,-0.03,0.03,0.03,39.5,984.46,242.52,3.94,1
,,,,,,,,,,
0.06,1.02,-9.32,-0.03,0.03,0.03,39.5,984.46,242.51,3.7,1
,,,,,,,,,,
0.08,1.04,-9.31,-0.03,0.03,0.03,39.51,984.45,242.62,3.79,1
,,,,,,,,,,
0.08,1.04,-9.31,-0.03,0.03,0.03,39.51,984.45,242.62,3.79,0
,,,,,,,,,,
0.06,1.03,-9.33,-0.03,0.03,0.03,39.51,984.45,242.58,3.71,1
,,,,,,,,,,
0.06,1.02,-9.32,-0.03,0.03,0.03,39.51,984.43,242.73,3.67,1
,,,,,,,,,,
0.06,1.05,-9.32,-0.03,0.03,0.03,39.51,984.43,242.74,3.74,1
,,,,,,,,,,
0.06,1.03,-9.34,-0.03,0.03,0.03,39.52,984.42,242.85,3.71,1
,,,,,,,,,,
0.08,1.02,-9.33,-0.03,0.03,0.03,39.52,984.42,242.9,3.85,1
,,,,,,,,,,
0.07,1.04,-9.33,-0.03,0.04,0.03,39.52,984.41,242.95,3.68,1
,,,,,,,,,,
0.07,1.02,-9.33,-0.03,0.03,0.03,39.52,984.41,242.92,3.68,1
,,,,,,,,,,
0.06,1.02,-9.31,-0.03,0.03,0.03,39.53,984.39,243.07,3.69,1
,,,,,,,,,,
0.06,1.03,-9.35,-0.03,0.03,0.03,39.53,984.4,242.98,3.69,1
,,,,,,,,,,
0.06,1.04,-9.33,-0.03,0.03,0.03,39.53,984.4,242.99,3.69,1
,,,,,,,,,,
0.06,1.02,-9.32,-0.03,0.03,0.03,39.53,984.41,242.98,3.69,1
,,,,,,,,,,
0.07,1.03,-9.34,-0.03,0.03,0.03,39.53,984.39,243.03,3.68,1
,,,,,,,,,,
0.09,1.04,-9.34,-0.03,0.03,0.03,39.53,984.4,242.93,3.7,1
,,,,,,,,,,
0.07,1.03,-9.34,-0.03,0.03,0.03,39.54,984.42,242.82,3.73,1
,,,,,,,,,,
0.1,1.02,-9.31,-0.03,0.03,0.03,39.54,984.44,242.75,3.67,1
,,,,,,,,,,
0.06,1,-9.33,-0.03,0.03,0.03,39.54,984.44,242.65,3.69,1
,,,,,,,,,,
0.07,1.03,-9.3,-0.03,0.03,0.04,39.54,984.44,242.64,3.67,1
,,,,,,,,,,
0.06,1.03,-9.37,-0.03,0.03,0.03,39.54,984.46,242.48,3.68,1
,,,,,,,,,,
0.06,1.05,-9.33,-0.03,0.03,0.03,39.55,984.47,242.37,3.67,1
,,,,,,,,,,
0.08,1.03,-9.28,-0.03,0.03,0.04,39.55,984.48,242.3,3.67,1
,,,,,,,,,,
0.06,1.02,-9.33,-0.03,0.03,0.04,39.55,984.49,242.28,3.67,1
,,,,,,,,,,
0.06,1.04,-9.35,-0.03,0.03,0.03,39.55,984.5,242.18,3.73,1
,,,,,,,,,,
0.07,1.03,-9.31,-0.03,0.03,0.03,39.56,984.51,242.04,3.74,1
,,,,,,,,,,
0.07,1.03,-9.3,-0.03,0.03,0.03,39.56,984.51,242,3.72,1
,,,,,,,,,,
0.07,1.02,-9.35,-0.03,0.03,0.03,39.56,984.53,241.87,3.7,1
,,,,,,,,,,
0.09,1.03,-9.34,-0.03,0.03,0.03,39.56,984.54,241.74,3.69,1
,,,,,,,,,,
0.06,1.02,-9.32,-0.03,0.03,0.04,39.57,984.54,241.8,3.69,1
,,,,,,,,,,
0.07,1.02,-9.33,-0.03,0.03,0.03,39.57,984.55,241.75,3.73,1
,,,,,,,,,,
0.07,1.02,-9.34,-0.03,0.03,0.04,39.57,984.55,241.74,3.84,1
,,,,,,,,,,
0.06,1.04,-9.33,-0.03,0.03,0.03,39.57,984.54,241.84,3.79,1
,,,,,,,,,,
0.06,1.02,-9.32,-0.03,0.03,0.03,39.57,984.53,241.9,3.89,1
,,,,,,,,,,
0.06,1.03,-9.34,-0.03,0.03,0.03,39.57,984.53,241.87,3.83,1
,,,,,,,,,,
0.06,1.02,-9.32,-0.03,0.03,0.03,39.58,984.54,241.89,3.67,1
,,,,,,,,,,
0.06,1.02,-9.32,-0.03,0.03,0.03,39.58,984.54,241.89,3.67,0
,,,,,,,,,,
0.05,1.03,-9.32,-0.03,0.03,0.03,39.58,984.53,241.89,3.76,1
,,,,,,,,,,
0.07,1.04,-9.33,-0.03,0.03,0.03,39.58,984.54,241.81,3.8,1
,,,,,,,,,,
0.07,1.03,-9.32,-0.03,0.03,0.03,39.58,984.54,241.88,3.81,1
,,,,,,,,,,
0.07,1.03,-9.33,-0.03,0.03,0.03,39.59,984.54,241.81,3.79,1
,,,,,,,,,,
0.07,1.03,-9.33,-0.03,0.03,0.03,39.59,984.53,241.83,3.85,1
,,,,,,,,,,
0.07,1.02,-9.37,-0.03,0.03,0.03,39.59,984.54,241.83,3.85,1
,,,,,,,,,,
0.08,1.02,-9.32,-0.03,0.03,0.03,39.59,984.55,241.7,3.88,1
,,,,,,,,,,
0.06,1.02,-9.33,-0.03,0.03,0.03,39.59,984.55,241.72,3.87,1
,,,,,,,,,,
0.05,1.03,-9.33,-0.03,0.03,0.03,39.59,984.56,241.66,3.89,1
,,,,,,,,,,
0.08,1.04,-9.35,-0.03,0.03,0.03,39.6,984.56,241.65,3.82,1
,,,,,,,,,,
0.08,1.01,-9.32,-0.03,0.03,0.03,39.6,984.56,241.58,3.85,1
,,,,,,,,,,
0.06,1.03,-9.34,-0.03,0.03,0.03,39.6,984.58,241.56,3.88,1
,,,,,,,,,,
0.08,1.02,-9.33,-0.03,0.03,0.03,39.6,984.59,241.55,3.88,1
,,,,,,,,,,
0.06,1.03,-9.36,-0.03,0.03,0.03,39.6,984.56,241.66,3.88,1
,,,,,,,,,,
0.07,1.02,-9.31,-0.03,0.03,0.03,39.61,984.58,241.54,3.87,1
,,,,,,,,,,
0.07,1.03,-9.34,-0.03,0.03,0.03,39.61,984.58,241.41,3.94,1
,,,,,,,,,,
0.07,1.05,-9.34,-0.03,0.03,0.03,39.61,984.58,241.45,3.91,1
,,,,,,,,,,
0.08,1.01,-9.35,-0.03,0.03,0.03,39.61,984.6,241.34,3.94,1
,,,,,,,,,,
0.05,1.04,-9.34,-0.03,0.03,0.03,39.62,984.61,241.17,3.95,1
,,,,,,,,,,
0.06,1.02,-9.31,-0.03,0.03,0.03,39.62,984.62,241.16,3.95,1
,,,,,,,,,,
0.07,1.03,-9.33,-0.03,0.03,0.03,39.62,984.63,241.02,3.94,1
,,,,,,,,,,
0.06,1.05,-9.31,-0.03,0.03,0.03,39.63,984.63,240.98,3.92,1
,,,,,,,,,,
0.05,1.02,-9.32,-0.03,0.03,0.03,39.63,984.63,240.98,3.94,1
,,,,,,,,,,
0.06,1.03,-9.34,-0.03,0.03,0.03,39.63,984.65,240.91,3.91,1
,,,,,,,,,,
0.06,1.04,-9.3,-0.03,0.03,0.03,39.63,984.65,240.9,3.9,1
,,,,,,,,,,
0.07,1.04,-9.35,-0.03,0.03,0.03,39.64,984.66,240.81,3.95,1
,,,,,,,,,,
0.06,1.02,-9.33,-0.03,0.03,0.03,39.64,984.66,240.82,3.95,1
,,,,,,,,,,
0.07,1.02,-9.33,-0.03,0.03,0.03,39.64,984.67,240.68,3.68,1
,,,,,,,,,,
0.06,1.02,-9.37,-0.03,0.03,0.03,39.64,984.69,240.57,3.95,1
,,,,,,,,,,
0.05,1.03,-9.32,-0.03,0.03,0.03,39.64,984.7,240.47,3.96,1
,,,,,,,,,,
0.07,1.03,-9.37,-0.03,0.03,0.04,39.65,984.7,240.52,3.95,1
,,,,,,,,,,
0.06,1.03,-9.32,-0.03,0.03,0.03,39.65,984.69,240.51,3.95,1
,,,,,,,,,,
0.08,1.02,-9.31,-0.03,0.03,0.03,39.65,984.71,240.51,3.9,1
,,,,,,,,,,
0.07,1.02,-9.33,-0.03,0.03,0.03,39.65,984.7,240.45,3.91,1
,,,,,,,,,,
0.07,1.04,-9.33,-0.03,0.03,0.03,39.66,984.71,240.34,3.95,1
,,,,,,,,,,
0.06,1.04,-9.34,-0.03,0.03,0.03,39.66,984.72,240.28,3.95,1
,,,,,,,,,,
0.07,1.03,-9.33,-0.03,0.03,0.03,39.66,984.73,240.26,3.95,1
,,,,,,,,,,
0.09,1.04,-9.33,-0.03,0.04,0.03,39.66,984.73,240.29,3.95,1
,,,,,,,,,,
0.06,1.04,-9.32,-0.03,0.03,0.03,39.66,984.73,240.2,3.95,1
,,,,,,,,,,
0.06,1.04,-9.33,-0.03,0.03,0.03,39.67,984.74,240.11,3.88,1
,,,,,,,,,,
0.06,1.03,-9.31,-0.03,0.03,0.03,39.67,984.75,240,3.78,1
,,,,,,,,,,
0.07,1.02,-9.33,-0.03,0.03,0.03,39.67,984.76,239.91,3.88,1
,,,,,,,,,,
0.05,1.03,-9.29,-0.03,0.03,0.03,39.68,984.77,239.83,3.72,1
,,,,,,,,,,
0.06,1.03,-9.34,-0.03,0.03,0.03,39.68,984.77,239.85,3.93,1
,,,,,,,,,,
0.08,1.02,-9.36,-0.03,0.03,0.03,39.68,984.78,239.79,3.87,1
,,,,,,,,,,
0.07,1.04,-9.33,-0.03,0.03,0.03,39.68,984.79,239.64,3.88,1
,,,,,,,,,,
0.06,1.03,-9.38,-0.03,0.03,0.03,39.69,984.8,239.61,3.85,1
,,,,,,,,,,
0.06,1.03,-9.33,-0.03,0.03,0.03,39.69,984.8,239.6,3.71,1
,,,,,,,,,,
0.08,1.03,-9.32,-0.03,0.03,0.03,39.69,984.81,239.57,3.7,1
,,,,,,,,,,
0.08,1.03,-9.32,-0.03,0.03,0.03,39.69,984.81,239.57,3.7,0
,,,,,,,,,,
0.07,1.02,-9.32,-0.03,0.03,0.03,39.7,984.81,239.56,3.83,1
,,,,,,,,,,
0.08,1.01,-9.34,-0.03,0.03,0.03,39.7,984.82,239.45,3.81,1
,,,,,,,,,,
0.07,1.04,-9.34,-0.03,0.03,0.03,39.7,984.81,239.52,3.73,1
,,,,,,,,,,
0.07,1.04,-9.34,-0.03,0.03,0.03,39.71,984.81,239.48,3.69,1
,,,,,,,,,,
0.08,1.01,-9.33,-0.03,0.03,0.03,39.71,984.83,239.42,3.68,1
,,,,,,,,,,
0.07,1.03,-9.33,-0.03,0.03,0.03,39.71,984.81,239.49,3.7,1
,,,,,,,,,,
0.08,1.02,-9.35,-0.03,0.03,0.03,39.71,984.81,239.55,3.72,1
,,,,,,,,,,
0.06,1.02,-9.34,-0.03,0.03,0.03,39.72,984.8,239.59,3.68,1
,,,,,,,,,,
0.09,1.02,-9.34,-0.03,0.03,0.03,39.72,984.79,239.7,3.68,1
,,,,,,,,,,
0.08,1.03,-9.28,-0.03,0.03,0.03,39.72,984.78,239.79,3.68,1
,,,,,,,,,,
0.07,1.03,-9.34,-0.03,0.03,0.03,39.73,984.77,239.91,3.68,1
,,,,,,,,,,
0.07,1.04,-9.31,-0.03,0.03,0.03,39.73,984.75,240.06,3.92,1
,,,,,,,,,,
0.06,1.02,-9.31,-0.03,0.03,0.03,39.73,984.72,240.29,3.68,1
,,,,,,,,,,
0.06,1.04,-9.33,-0.03,0.03,0.03,39.73,984.72,240.25,3.68,1
,,,,,,,,,,
0.06,1.03,-9.33,-0.03,0.03,0.03,39.74,984.71,240.4,3.67,1
,,,,,,,,,,
0.07,1.02,-9.32,-0.03,0.03,0.03,39.74,984.7,240.47,3.68,1
,,,,,,,,,,
0.07,1.03,-9.31,-0.03,0.03,0.03,39.74,984.71,240.32,3.69,1
,,,,,,,,,,
0.07,1.02,-9.32,-0.03,0.03,0.03,39.75,984.7,240.38,3.68,1
,,,,,,,,,,
0.07,1.03,-9.33,-0.03,0.03,0.03,39.75,984.7,240.44,3.7,1
,,,,,,,,,,
0.07,1.02,-9.31,-0.03,0.04,0.03,39.75,984.7,240.44,3.7,1
,,,,,,,,,,
0.07,1.02,-9.33,-0.03,0.03,0.03,39.76,984.71,240.38,3.69,1
,,,,,,,,,,
0.05,1.01,-9.33,-0.03,0.03,0.03,39.76,984.71,240.39,3.73,1
,,,,,,,,,,
0.06,1.03,-9.3,-0.03,0.03,0.03,39.76,984.7,240.44,3.7,1
,,,,,,,,,,
0.08,1.03,-9.33,-0.03,0.03,0.03,39.76,984.71,240.42,3.7,1
,,,,,,,,,,
0.09,1.04,-9.34,-0.03,0.03,0.03,39.77,984.71,240.37,3.71,1
,,,,,,,,,,
0.09,1.03,-9.3,-0.03,0.03,0.03,39.77,984.73,240.17,3.7,1
,,,,,,,,,,
0.06,1.04,-9.32,-0.03,0.03,0.03,39.77,984.72,240.24,3.77,1
,,,,,,,,,,
0.07,1.02,-9.32,-0.03,0.03,0.03,39.78,984.73,240.17,3.71,1
,,,,,,,,,,
0.07,1.02,-9.32,-0.03,0.03,0.03,39.78,984.73,240.17,3.71,0
,,,,,,,,,,
0.07,1.03,-9.34,-0.03,0.03,0.03,39.78,984.73,240.27,3.87,1
,,,,,,,,,,
0.08,1.03,-9.33,-0.03,0.03,0.03,39.79,984.72,240.28,3.82,1
,,,,,,,,,,
0.06,1.03,-9.33,-0.03,0.03,0.03,39.79,984.72,240.26,3.71,1
,,,,,,,,,,
0.07,1.02,-9.32,-0.03,0.03,0.03,39.79,984.73,240.27,3.73,1
,,,,,,,,,,
0.06,1.02,-9.33,-0.03,0.03,0.03,39.8,984.71,240.24,3.91,1
,,,,,,,,,,
0.05,1.02,-9.34,-0.03,0.03,0.03,39.8,984.72,240.28,3.85,1
,,,,,,,,,,
0.08,1.01,-9.33,-0.03,0.03,0.03,39.8,984.71,240.43,3.82,1
,,,,,,,,,,
0.07,1,-9.34,-0.03,0.03,0.03,39.81,984.7,240.51,3.84,1
,,,,,,,,,,
0.07,1.03,-9.32,-0.03,0.03,0.03,39.81,984.69,240.56,3.88,1
,,,,,,,,,,
0.07,1.03,-9.32,-0.03,0.03,0.03,39.81,984.67,240.68,3.91,1
,,,,,,,,,,
0.05,1.02,-9.33,-0.03,0.03,0.04,39.82,984.67,240.7,3.89,1
,,,,,,,,,,
0.08,1.05,-9.3,-0.03,0.03,0.03,39.82,984.67,240.72,3.85,1
,,,,,,,,,,
0.06,1.04,-9.33,-0.03,0.03,0.03,39.83,984.67,240.73,3.94,1
,,,,,,,,,,
0.08,1.03,-9.32,-0.03,0.03,0.03,39.83,984.66,240.74,3.89,1
,,,,,,,,,,
0.08,1.04,-9.3,-0.03,0.03,0.03,39.83,984.66,240.82,3.91,1
,,,,,,,,,,
0.07,1.03,-9.36,-0.03,0.03,0.03,39.84,984.64,240.89,3.88,1
,,,,,,,,,,
0.06,1.03,-9.34,-0.03,0.03,0.03,39.84,984.67,240.76,3.85,1
,,,,,,,,,,
0.06,1.03,-9.32,-0.03,0.03,0.03,39.84,984.66,240.79,3.96,1
,,,,,,,,,,
0.06,1.04,-9.34,-0.03,0.03,0.03,39.85,984.68,240.63,3.95,1
,,,,,,,,,,
0.07,1.02,-9.34,-0.03,0.03,0.03,39.85,984.67,240.66,3.94,1
,,,,,,,,,,
0.06,1.01,-9.33,-0.03,0.03,0.04,39.85,984.67,240.71,3.75,1
,,,,,,,,,,
0.06,1.04,-9.34,-0.03,0.03,0.04,39.85,984.68,240.68,3.68,1
,,,,,,,,,,
0.07,1.04,-9.32,-0.03,0.03,0.03,39.86,984.67,240.76,3.94,1
,,,,,,,,,,
0.07,1.04,-9.34,-0.03,0.03,0.03,39.86,984.66,240.78,3.68,1
,,,,,,,,,,
0.06,1.03,-9.32,-0.03,0.03,0.03,39.87,984.67,240.66,3.95,1
,,,,,,,,,,
0.08,1.02,-9.32,-0.03,0.03,0.03,39.87,984.68,240.76,3.95,1
,,,,,,,,,,
0.08,1.02,-9.33,-0.03,0.03,0.03,39.87,984.66,240.82,3.93,1
,,,,,,,,,,
0.07,1.01,-9.33,-0.03,0.03,0.03,39.87,984.66,240.78,3.68,1
,,,,,,,,,,
0.06,1.02,-9.33,-0.03,0.03,0.03,39.88,984.67,240.73,3.92,1
,,,,,,,,,,
0.08,1.02,-9.34,-0.03,0.03,0.03,39.88,984.67,240.73,3.87,1
,,,,,,,,,,
0.06,1.02,-9.31,-0.03,0.03,0.03,39.88,984.66,240.71,3.91,1
,,,,,,,,,,
0.07,1.04,-9.34,-0.03,0.03,0.03,39.89,984.67,240.64,3.91,1
,,,,,,,,,,
0.07,1.04,-9.31,-0.03,0.03,0.03,39.89,984.68,240.59,3.95,1
,,,,,,,,,,
0.06,1.02,-9.35,-0.03,0.03,0.03,39.89,984.69,240.56,3.82,1
,,,,,,,,,,
0.08,1.05,-9.31,-0.03,0.03,0.03,39.9,984.69,240.49,3.95,1
,,,,,,,,,,
0.07,1.04,-9.32,-0.03,0.03,0.03,39.9,984.7,240.49,3.67,1
,,,,,,,,,,
0.07,1.04,-9.31,-0.03,0.03,0.04,39.9,984.71,240.38,3.85,1
,,,,,,,,,,
0.07,1.02,-9.32,-0.03,0.03,0.03,39.91,984.71,240.3,3.87,1
,,,,,,,,,,
0.06,1.05,-9.32,-0.03,0.03,0.03,39.91,984.73,240.22,3.84,1
,,,,,,,,,,
0.05,1.02,-9.29,-0.03,0.03,0.03,39.92,984.72,240.24,3.95,1
,,,,,,,,,,
0.07,1.04,-9.34,-0.03,0.03,0.03,39.92,984.73,240.12,3.93,1
,,,,,,,,,,
0.07,1.04,-9.32,-0.03,0.03,0.03,39.92,984.73,240.24,3.68,1
,,,,,,,,,,
0.08,1.03,-9.33,-0.03,0.03,0.04,39.92,984.74,240.16,3.68,1
,,,,,,,,,,
0.07,1.04,-9.32,-0.03,0.03,0.03,39.93,984.74,240.08,3.85,1
,,,,,,,,,,
0.06,1.03,-9.33,-0.03,0.03,0.03,39.93,984.76,239.97,3.83,1
,,,,,,,,,,
0.06,1.05,-9.32,-0.03,0.03,0.03,39.93,984.76,239.92,3.83,1
,,,,,,,,,,
0.06,1.02,-9.33,-0.03,0.03,0.04,39.93,984.76,239.95,3.79,1
,,,,,,,,,,
0.06,1.02,-9.33,-0.03,0.03,0.03,39.94,984.76,239.99,3.71,1
,,,,,,,,,,
0.07,1.01,-9.31,-0.03,0.03,0.03,39.94,984.76,239.92,3.94,1
,,,,,,,,,,
0.07,1.05,-9.33,-0.03,0.03,0.03,39.94,984.78,239.8,3.88,1
,,,,,,,,,,
0.08,1.03,-9.33,-0.03,0.03,0.04,39.95,984.78,239.75,3.86,1
,,,,,,,,,,
0.09,1.02,-9.31,-0.03,0.03,0.03,39.95,984.78,239.78,3.84,1
,,,,,,,,,,
0.09,1.03,-9.31,-0.03,0.03,0.04,39.95,984.78,239.72,3.93,1
,,,,,,,,,,
0.08,1.03,-9.35,-0.03,0.03,0.03,39.96,984.78,239.76,3.69,1
,,,,,,,,,,
0.07,1.02,-9.33,-0.03,0.03,0.03,39.96,984.78,239.77,3.95,1
,,,,,,,,,,
0.08,1.02,-9.33,-0.03,0.03,0.03,39.96,984.78,239.74,3.7,1
,,,,,,,,,,
0.06,1.02,-9.29,-0.03,0.03,0.03,39.97,984.79,239.75,3.94,1
,,,,,,,,,,
0.08,1.04,-9.33,-0.03,0.03,0.03,39.97,984.78,239.72,3.73,1
,,,,,,,,,,
0.06,1.04,-9.32,-0.03,0.03,0.04,39.97,984.79,239.76,3.89,1
,,,,,,,,,,
0.08,1.02,-9.35,-0.03,0.03,0.03,39.98,984.76,240.02,3.78,1
,,,,,,,,,,
0.06,1.04,-9.33,-0.03,0.03,0.04,39.98,984.73,240.28,3.69,1
,,,,,,,,,,
0.07,1.02,-9.33,-0.03,0.03,0.03,39.98,984.71,240.38,3.76,1
,,,,,,,,,,
0.07,1,-9.34,-0.03,0.03,0.04,39.99,984.69,240.54,3.7,1
,,,,,,,,,,
0.08,1.02,-9.32,-0.03,0.03,0.03,39.99,984.68,240.71,3.83,1
,,,,,,,,,,
0.06,1.02,-9.34,-0.03,0.03,0.04,39.99,984.66,240.86,3.7,1
,,,,,,,,,,
0.07,1.01,-9.35,-0.03,0.03,0.03,39.99,984.63,241.08,3.7,1
,,,,,,,,,,
0.07,1.01,-9.35,-0.03,0.03,0.03,39.99,984.63,241.08,3.7,0
,,,,,,,,,,
0.06,1.02,-9.32,-0.03,0.03,0.04,40,984.61,241.28,3.67,1
,,,,,,,,,,
0.08,1.01,-9.35,-0.03,0.03,0.03,40,984.57,241.53,3.68,1
,,,,,,,,,,
0.09,1.03,-9.32,-0.03,0.03,0.03,40,984.56,241.72,3.68,1
,,,,,,,,,,
0.07,1.04,-9.34,-0.03,0.03,0.03,40.01,984.55,241.66,3.68,1
,,,,,,,,,,
0.05,1.02,-9.32,-0.03,0.03,0.03,40.01,984.54,241.84,3.73,1
,,,,,,,,,,
0.05,1.02,-9.32,-0.03,0.03,0.03,40.01,984.54,241.84,3.73,0
,,,,,,,,,,
0.07,1.03,-9.35,-0.03,0.03,0.03,40.01,984.52,241.88,3.68,1
,,,,,,,,,,
0.05,1.04,-9.32,-0.03,0.03,0.04,40.02,984.54,241.82,3.73,1
,,,,,,,,,,
0.06,1.03,-9.33,-0.03,0.03,0.04,40.02,984.54,241.84,3.7,1
,,,,,,,,,,
0.08,1.01,-9.33,-0.03,0.03,0.03,40.02,984.54,241.85,3.74,1
,,,,,,,,,,
0.09,1,-9.3,-0.03,0.03,0.03,40.02,984.54,241.85,3.75,1
,,,,,,,,,,
0.08,1.02,-9.33,-0.03,0.03,0.03,40.03,984.55,241.72,3.94,1
,,,,,,,,,,
0.07,1.02,-9.32,-0.03,0.03,0.03,40.03,984.56,241.65,3.86,1
,,,,,,,,,,
0.08,1.03,-9.34,-0.03,0.03,0.03,40.03,984.55,241.69,3.71,1
,,,,,,,,,,
0.06,1.03,-9.29,-0.03,0.03,0.03,40.03,984.56,241.58,3.74,1
,,,,,,,,,,
0.07,1.03,-9.3,-0.03,0.03,0.03,40.04,984.56,241.71,3.85,1
,,,,,,,,,,
0.06,1.03,-9.32,-0.03,0.03,0.04,40.04,984.57,241.67,3.73,1
,,,,,,,,,,
0.07,1.01,-9.33,-0.03,0.03,0.03,40.04,984.56,241.68,3.72,1
,,,,,,,,,,
0.07,1.02,-9.32,-0.03,0.03,0.03,40.04,984.56,241.72,3.83,1
,,,,,,,,,,
0.08,1.02,-9.35,-0.03,0.03,0.03,40.04,984.54,241.9,3.67,1
,,,,,,,,,,
0.06,1.03,-9.3,-0.03,0.03,0.03,40.05,984.53,241.93,3.7,1
,,,,,,,,,,
0.06,1.04,-9.32,-0.03,0.03,0.03,40.05,984.52,241.89,3.82,1
,,,,,,,,,,
0.06,1.04,-9.36,-0.03,0.03,0.03,40.05,984.53,241.94,3.91,1
,,,,,,,,,,
0.07,1.04,-9.35,-0.03,0.03,0.03,40.05,984.52,242,3.71,1
,,,,,,,,,,
0.07,1.03,-9.32,-0.03,0.03,0.03,40.06,984.52,241.97,3.71,1
,,,,,,,,,,
0.06,1.03,-9.32,-0.03,0.03,0.03,40.06,984.52,241.95,3.68,1
,,,,,,,,,,
0.05,1.03,-9.33,-0.03,0.03,0.03,40.06,984.53,241.94,3.9,1
,,,,,,,,,,
0.06,1.02,-9.33,-0.03,0.03,0.03,40.06,984.52,241.95,3.89,1
,,,,,,,,,,
0.06,1.02,-9.33,-0.03,0.03,0.03,40.06,984.52,241.95,3.89,0
,,,,,,,,,,
0.05,1.05,-9.3,-0.03,0.03,0.03,40.07,984.54,241.88,3.88,1
,,,,,,,,,,
0.07,1.04,-9.32,-0.03,0.03,0.03,40.07,984.53,241.89,3.88,1
,,,,,,,,,,
0.07,1.03,-9.33,-0.03,0.03,0.03,40.08,984.54,241.84,3.92,1
,,,,,,,,,,
0.08,1.03,-9.29,-0.03,0.03,0.03,40.08,984.52,242,3.86,1
,,,,,,,,,,
0.08,1.06,-9.3,-0.03,0.03,0.03,40.08,984.52,241.99,3.9,1
,,,,,,,,,,
0.06,1.04,-9.34,-0.03,0.03,0.03,40.08,984.52,241.96,3.7,1
,,,,,,,,,,
0.06,1.02,-9.34,-0.03,0.03,0.04,40.09,984.5,242.08,3.88,1
,,,,,,,,,,
0.08,1.04,-9.33,-0.03,0.03,0.03,40.09,984.52,242.05,3.89,1
,,,,,,,,,,
0.07,1.01,-9.33,-0.03,0.03,0.03,40.09,984.52,241.99,3.92,1
,,,,,,,,,,
0.05,1.03,-9.32,-0.03,0.03,0.03,40.09,984.52,241.94,3.88,1
,,,,,,,,,,
0.08,1.03,-9.36,-0.03,0.03,0.03,40.1,984.52,241.96,3.92,1
,,,,,,,,,,
0.1,1.02,-9.34,-0.03,0.03,0.03,40.1,984.53,241.88,3.94,1
,,,,,,,,,,
0.08,1.04,-9.31,-0.03,0.03,0.04,40.1,984.54,241.77,3.9,1
,,,,,,,,,,
0.06,1.02,-9.33,-0.03,0.03,0.03,40.11,984.54,241.83,3.91,1
,,,,,,,,,,
0.07,1.05,-9.32,-0.03,0.03,0.03,40.11,984.53,241.92,3.7,1
,,,,,,,,,,
0.05,1.03,-9.34,-0.03,0.03,0.03,40.11,984.51,242.01,3.86,1
,,,,,,,,,,
0.06,1.02,-9.33,-0.03,0.03,0.03,40.12,984.51,242.09,3.93,1
,,,,,,,,,,
0.06,1.01,-9.34,-0.03,0.03,0.04,40.12,984.5,242.19,3.94,1
,,,,,,,,,,
0.04,1.06,-9.3,-0.03,0.04,0.03,40.12,984.49,242.35,3.92,1
,,,,,,,,,,
0.07,1.01,-9.33,-0.03,0.03,0.03,40.12,984.47,242.42,3.95,1
,,,,,,,,,,
0.07,1.03,-9.33,-0.03,0.03,0.04,40.13,984.46,242.51,3.94,1
,,,,,,,,,,
0.08,1.02,-9.29,-0.03,0.03,0.03,40.13,984.45,242.72,3.94,1
,,,,,,,,,,
0.05,1,-9.33,-0.03,0.03,0.04,40.13,984.41,242.92,3.83,1
,,,,,,,,,,
0.06,1,-9.32,-0.03,0.03,0.03,40.13,984.41,242.89,3.74,1
,,,,,,,,,,
0.04,1.02,-9.3,-0.03,0.04,0.03,40.13,984.41,242.96,3.9,1
,,,,,,,,,,
0.07,1.04,-9.32,-0.03,0.03,0.03,40.13,984.38,243.2,3.81,1
,,,,,,,,,,
0.06,1.01,-9.32,-0.03,0.03,0.03,40.13,984.37,243.32,3.71,1
,,,,,,,,,,
0.08,1.07,-9.29,-0.03,0.03,0.03,40.14,984.36,243.3,3.69,1
,,,,,,,,,,
0.08,1.07,-9.29,-0.03,0.03,0.03,40.14,984.36,243.3,3.69,0
,,,,,,,,,,
0.05,1.03,-9.31,-0.03,0.03,0.03,40.14,984.36,243.41,3.68,1
,,,,,,,,,,
0.06,1.06,-9.31,-0.03,0.03,0.03,40.14,984.35,243.45,3.71,1
,,,,,,,,,,
0.09,1.01,-9.32,-0.03,0.03,0.04,40.14,984.35,243.45,3.85,1
,,,,,,,,,,
0.04,1.02,-9.33,-0.03,0.03,0.03,40.14,984.37,243.35,3.94,1
,,,,,,,,,,
0.08,1.05,-9.33,-0.03,0.04,0.03,40.14,984.38,243.18,3.68,1
,,,,,,,,,,
0.1,1.03,-9.32,-0.03,0.03,0.03,40.14,984.38,243.12,3.92,1
,,,,,,,,,,
0.05,1.02,-9.33,-0.03,0.03,0.03,40.15,984.39,243.19,3.68,1
,,,,,,,,,,
0.07,1.03,-9.32,-0.03,0.03,0.04,40.15,984.39,243.18,3.76,1
,,,,,,,,,,
0.09,1,-9.29,-0.03,0.03,0.04,40.15,984.37,243.21,3.93,1
,,,,,,,,,,
0.09,1.02,-9.33,-0.03,0.03,0.04,40.15,984.39,243.1,3.68,1
,,,,,,,,,,
0.04,1.01,-9.34,-0.03,0.03,0.03,40.15,984.38,243.18,3.94,1
,,,,,,,,,,
0.04,1.01,-9.34,-0.03,0.03,0.03,40.15,984.38,243.18,3.94,0
,,,,,,,,,,
0.06,1.04,-9.32,-0.03,0.03,0.03,40.15,984.38,243.26,3.71,1
,,,,,,,,,,
0.1,1.03,-9.3,-0.03,0.03,0.04,40.15,984.35,243.5,3.78,1
,,,,,,,,,,
0.06,1.03,-9.33,-0.03,0.03,0.03,40.15,984.33,243.66,3.7,1
,,,,,,,,,,
0.08,1.04,-9.32,-0.03,0.04,0.03,40.16,984.32,243.8,3.68,1
,,,,,,,,,,
0.04,1.07,-9.31,-0.03,0.03,0.04,40.16,984.31,243.75,3.7,1
,,,,,,,,,,
0.06,1.03,-9.34,-0.03,0.03,0.03,40.16,984.3,243.91,3.68,1
,,,,,,,,,,
0.08,1.04,-9.3,-0.03,0.03,0.03,40.16,984.3,243.92,3.68,1
,,,,,,,,,,
0.09,1.01,-9.32,-0.03,0.03,0.03,40.16,984.29,243.99,3.69,1
,,,,,,,,,,
0.09,1,-9.33,-0.03,0.03,0.04,40.16,984.29,243.96,3.68,1
,,,,,,,,,,
0.07,1.05,-9.31,-0.03,0.03,0.03,40.16,984.29,243.9,3.68,1
,,,,,,,,,,
0.06,1.02,-9.31,-0.03,0.03,0.03,40.16,984.3,243.98,3.7,1
,,,,,,,,,,
0.06,1.03,-9.34,-0.03,0.03,0.03,40.17,984.29,243.91,3.69,1
,,,,,,,,,,
0.07,1.03,-9.32,-0.03,0.03,0.03,40.17,984.31,243.85,3.7,1
,,,,,,,,,,
0.07,1.02,-9.3,-0.03,0.03,0.03,40.17,984.3,243.92,3.8,1
,,,,,,,,,,
0.06,1.03,-9.32,-0.03,0.03,0.03,40.17,984.29,243.95,3.82,1
,,,,,,,,,,
0.07,1.04,-9.33,-0.03,0.03,0.04,40.17,984.3,243.88,3.94,1
,,,,,,,,,,
0.06,1.01,-9.35,-0.03,0.03,0.04,40.17,984.29,243.88,3.7,1
,,,,,,,,,,
0.05,1.02,-9.34,-0.03,0.03,0.03,40.17,984.31,243.8,3.7,1
,,,,,,,,,,
0.08,1.02,-9.34,-0.03,0.03,0.03,40.18,984.31,243.72,3.85,1
,,,,,,,,,,
0.07,1.03,-9.33,-0.03,0.03,0.03,40.18,984.32,243.6,3.68,1
,,,,,,,,,,
0.06,1.02,-9.33,-0.03,0.03,0.03,40.18,984.33,243.51,3.7,1
,,,,,,,,,,
0.06,1.04,-9.34,-0.03,0.03,0.03,40.18,984.34,243.53,3.74,1
,,,,,,,,,,
0.09,1.02,-9.28,-0.03,0.03,0.03,40.18,984.36,243.42,3.82,1
,,,,,,,,,,
0.08,1.02,-9.32,-0.03,0.03,0.03,40.18,984.35,243.43,3.74,1
,,,,,,,,,,
0.05,1.02,-9.31,-0.03,0.03,0.03,40.18,984.37,243.3,3.94,1
,,,,,,,,,,
0.06,1.02,-9.32,-0.03,0.03,0.03,40.19,984.38,243.09,3.73,1
,,,,,,,,,,
0.07,1.02,-9.29,-0.03,0.03,0.03,40.19,984.39,243.12,3.94,1
,,,,,,,,,,
0.06,1.03,-9.33,-0.03,0.03,0.03,40.19,984.39,243.06,3.73,1
,,,,,,,,,,
0.08,1.01,-9.33,-0.03,0.03,0.03,40.19,984.4,243.02,3.73,1
,,,,,,,,,,
0.07,1.03,-9.34,-0.03,0.03,0.03,40.19,984.41,243.02,3.79,1
,,,,,,,,,,
0.09,1.04,-9.33,-0.03,0.03,0.03,40.19,984.41,242.86,3.88,1
,,,,,,,,,,
0.06,1,-9.34,-0.03,0.03,0.03,40.19,984.43,242.77,3.9,1
,,,,,,,,,,
-1.72,3.37,-40.46,-0.02,0.06,0,40.2,984.43,242.66,3.92,1
,,,,,,,,,,
-0.55,15.54,-78.45,-0.3,0.1,0.23,40.2,984.31,245.31,3.72,1
,,,,,,,,,,
0.58,2.95,4.16,0.03,-0.03,-0.84,40.19,981.07,286.47,3.72,1
0.58,2.95,4.16,0.03,-0.03,-0.84,40.2,981.07,385.47,3.72,1
0.58,2.95,4.16,0.03,-0.03,-0.84,40.19,981.07,468.98,3.72,1
0.58,2.95,4.16,0.03,-0.03,-0.84,40.19,981.07,679.03,3.72,1
0.58,2.95,4.16,0.03,-0.03,-0.84,40.19,981.07,936.47,3.72,1
0.58,2.95,4.16,0.03,-0.03,-0.84,40.19,981.07,1037.7,3.72,1
0.58,2.95,4.16,0.03,-0.03,-0.84,40.19,981.07,1059.76,3.72,1
0.58,2.95,4.16,0.03,-0.03,-0.84,40.19,981.07,1059.76,3.72,0
0.58,2.95,4.16,0.03,-0.03,-0.84,40.19,981.07,1059.76,3.72,0
0.58,2.95,4.16,0.03,-0.03,-0.84,40.19,981.07,1059.76,3.72,0
